t,x_ref,x_meas,e_x,y_meas,z_meas
1.3650591373443604,0.007575757583277037,0.024036692455410957,-0.01646093487213392,0.05525069311261177,-1.942110538482666
1.3981857299804688,0.007668711651470103,0.02433583326637745,-0.016667121614907347,0.054490696638822556,-1.9585018157958984
1.4315266609191895,0.006822151166431409,0.024584952741861343,-0.017762801575429935,0.05369185283780098,-1.9723811149597168
1.4646034240722656,0.006823663453696122,0.024802014231681824,-0.0179783507779857,0.05272618681192398,-1.983224630355835
1.498164176940918,0.006823663453696122,0.024890663102269173,-0.01806699964857305,0.05223075672984123,-1.9863708019256592
1.531543254852295,0.006823663453696122,0.02490313909947872,-0.0180794756457826,0.05187899246811867,-1.9874942302703857
1.5646066665649414,0.006823663453696122,0.024739881977438927,-0.017916218523742804,0.052469879388809204,-1.9866917133331299
1.5984976291656494,0.006823663453696122,0.024399034678936005,-0.01757537122523988,0.05422743409872055,-1.9856290817260742
1.6313979625701904,0.006823663453696122,0.023843755945563316,-0.017020092491867193,0.057485904544591904,-1.9851078987121582
1.6646175384521484,0.006823663453696122,0.022774294018745422,-0.0159506305650493,0.06398327648639679,-1.9855756759643555
1.6980266571044922,0.006823663453696122,0.021983403712511063,-0.01515974025881494,0.06919033825397491,-1.9863169193267822
1.7314252853393555,0.006823663453696122,0.02077443338930607,-0.013950769935609945,0.07780726253986359,-1.9876267910003662
1.764615774154663,0.006823663453696122,0.019007058814167976,-0.012183395360471853,0.09112284332513809,-1.9894123077392578
1.7981607913970947,0.006823663453696122,0.017427518963813782,-0.010603855510117659,0.10347891598939896,-1.9908404350280762
1.8313548564910889,0.006823663453696122,0.015766169875860214,-0.008942506422164091,0.11732881516218185,-1.992239236831665
1.8647172451019287,0.006823663453696122,0.0145008759573102,-0.007677212503614078,0.1286584436893463,-1.9933648109436035
1.8980491161346436,0.006823663453696122,0.012347076088190079,-0.005523412634493957,0.14895354211330414,-1.995509147644043
1.931325912475586,0.006823663453696122,0.010647982358932495,-0.003824318905236373,0.16634579002857208,-1.9974949359893799
1.964719533920288,0.006823663453696122,0.009003001265227795,-0.0021793378115316725,0.18447484076023102,-1.9997282028198242
1.998166561126709,-0.006936103186359838,0.007145548239350319,-0.014081651425710157,0.20779870450496674,-2.002918004989624
2.03139591217041,-0.007160211210038948,0.005767300724983215,-0.012927511935022163,0.2266787886619568,-2.0056989192962646
2.064953088760376,-0.006237991907573113,0.00448352936655283,-0.010721521274125942,0.24553300440311432,-2.008650541305542
2.0979461669921875,-0.002638278774220272,0.003311687847599387,-0.005949966621819659,0.2641688585281372,-2.0117390155792236
2.1315736770629883,0.007241303154517225,0.002316057914867997,0.0049252452396492275,0.2824569344520569,-2.014878749847412
2.164599895477295,0.022225164334913845,0.001447893911972642,0.020777270422941203,0.3002637028694153,-2.018073558807373
2.1979479789733887,0.034165526282452986,0.0004270473727956414,0.033738478909657345,0.3216997981071472,-2.0220985412597656
2.231684446334839,0.053825001684923976,-0.00041707023046910763,0.054242071915393084,0.3381800949573517,-2.0253489017486572
2.264779806137085,0.053825001684923976,-0.001088499091565609,0.054913500776489585,0.3501499593257904,-2.027825355529785
2.2982797622680664,0.06173462318365847,-0.002049905015155673,0.06378452819881414,0.36555007100105286,-2.031186819076538
2.3313536643981934,0.06094996780877408,-0.003389121498912573,0.06433908930768666,0.38396868109703064,-2.035407543182373
2.3647730350494385,0.05794889915658942,-0.0045532952062785625,0.06250219436286798,0.39804020524024963,-2.0387539863586426
2.398257255554199,0.04886232527235254,-0.005744326859712601,0.05460665213206514,0.4114791750907898,-2.0420963764190674
2.431283712387085,0.03476726418469888,-0.00731107359752059,0.04207833778221947,0.4273666441440582,-2.0462400913238525
2.4648308753967285,0.02154933497218235,-0.008550434373319149,0.030099769345501497,0.43944817781448364,-2.0495805740356445
2.497939109802246,-0.015952715417706674,-0.009423029609024525,-0.006529685808682149,0.44818392395973206,-2.0520970821380615
2.531426429748535,-0.015952715417706674,-0.010412577539682388,-0.005540137878024286,0.45940101146698,-2.0554699897766113
2.5647048950195312,-0.03333439262707367,-0.011248876340687275,-0.022085516286386393,0.47274112701416016,-2.0597198009490967
2.5981178283691406,-0.04997597663373559,-0.011498372070491314,-0.038477604563244276,0.4829101264476776,-2.0631206035614014
2.631265878677368,-0.07937584179782602,-0.011028697714209557,-0.06834714408361646,0.4949600100517273,-2.0673446655273438
2.664761543273926,-0.07937584179782602,-0.010300636291503906,-0.06907520550632211,0.5018957853317261,-2.0698490142822266
2.6981964111328125,-0.09470016753431848,-0.008711445145308971,-0.08598872238900951,0.5107672214508057,-2.073153018951416
2.7313191890716553,-0.09468683830942001,-0.005623214412480593,-0.08906362389693942,0.5212963223457336,-2.0772292613983154
2.7646079063415527,-0.09052610647558341,-0.0022842444013804197,-0.088241862074203,0.5293474793434143,-2.080427646636963
2.798091173171997,-0.09052610647558341,0.0018164042849093676,-0.09234251076049278,0.5371001362800598,-2.0835742950439453
2.8314597606658936,-0.078091199388874,0.005314187612384558,-0.08340538700125856,0.5427324175834656,-2.085944890975952
2.864644765853882,-0.04798850700621515,0.011889398097991943,-0.059877905104207096,0.5518224835395813,-2.089921712875366
2.8979523181915283,-0.02801872575203755,0.019150638952851295,-0.04716936470488885,0.5604594349861145,-2.0939459800720215
2.9313645362854004,-0.02801872575203755,0.023729069158434868,-0.05174779491047242,0.5654496550559998,-2.096407413482666
2.9646379947662354,-0.005858278794222531,0.0315917544066906,-0.03745003320091313,0.5733910799026489,-2.1005773544311523
2.997936725616455,0.0379249044911413,0.0379851795732975,-6.0275082156203974e-05,0.5795273780822754,-2.103977918624878
3.031705379486084,0.057221315310126177,0.04274655133485794,0.014474763975268236,0.5840075016021729,-2.1065685749053955
3.0646228790283203,0.057221315310126177,0.05054135620594025,0.00667995910418593,0.5912013053894043,-2.1110029220581055
3.098362922668457,0.09658042330698804,0.056536439806222916,0.04004398350076513,0.5967729687690735,-2.1145927906036377
3.131269931793213,0.11532488018269398,0.062228668481111526,0.05309621170158245,0.6022420525550842,-2.118196725845337
3.1645987033843994,0.13130393176480634,0.06872288137674332,0.06258105038806303,0.6089867949485779,-2.122723340988159
3.1980626583099365,0.14686364479370767,0.0733591616153717,0.07350448317833597,0.6143178939819336,-2.1263670921325684
3.2312891483306885,0.15888672530371756,0.07743148505687714,0.08145524024684042,0.6196154356002808,-2.1300113201141357
3.264601707458496,0.16482442865972124,0.08163772523403168,0.08318670342568957,0.6263235807418823,-2.134644031524658
3.2980852127075195,0.16581949196325704,0.08363093435764313,0.08218855760561392,0.6305018067359924,-2.137575149536133
3.331362009048462,0.16581949196325704,0.08559780567884445,0.08022168628441259,0.6364647746086121,-2.1418254375457764
3.3646016120910645,0.15979335050235827,0.08690531551837921,0.07288803498397906,0.6450814008712769,-2.147939920425415
3.3979437351226807,0.15020351820610248,0.08711590617895126,0.06308761202715121,0.6533821821212769,-2.153383255004883
3.4313395023345947,0.15020351820610248,0.08653971552848816,0.06366380267761432,0.663449764251709,-2.1590092182159424
3.4646077156066895,0.15020351820610248,0.08471360802650452,0.06548991017959796,0.6791325211524963,-2.1656558513641357
3.4980826377868652,0.15020351820610248,0.08308583498001099,0.06711768322609149,0.6904134154319763,-2.16921329498291
3.5313808917999268,0.15020351820610248,0.08029410243034363,0.06990941577575885,0.7079713344573975,-2.1733884811401367
3.56459641456604,0.15020351820610248,0.0757940337061882,0.07440948449991427,0.7344275712966919,-2.177788257598877
3.597949743270874,0.15020351820610248,0.07146025449037552,0.07874326371572696,0.7595083117485046,-2.1808478832244873
3.631314754486084,0.15020351820610248,0.06778023391962051,0.08242328428648196,0.7806921601295471,-2.1829264163970947
3.664762020111084,0.15020351820610248,0.05959957093000412,0.09060394727609836,0.8290857076644897,-2.1864707469940186
3.6979429721832275,0.15020351820610248,0.05511680990457535,0.09508670830152713,0.8562145829200745,-2.187924861907959
3.731330633163452,0.15020351820610248,0.04885689169168472,0.10134662651441775,0.8954285383224487,-2.189540147781372
3.7646732330322266,0.15020351820610248,0.042314205318689346,0.10788931288741313,0.9378349781036377,-2.1908977031707764
3.798129081726074,0.15020351820610248,0.03394773602485657,0.11625578218124591,0.9949614405632019,-2.1925368309020996
3.8312795162200928,0.15020351820610248,0.02885737642645836,0.12134614177964412,1.0311181545257568,-2.193629264831543
3.8646817207336426,0.15020351820610248,0.022138627246022224,0.12806489096008025,1.0812125205993652,-2.1953160762786865
3.8980820178985596,-0.01998059286523874,0.015614038333296776,-0.035594631198535516,1.1330089569091797,-2.1973390579223633
3.9312703609466553,-0.02508036922281726,0.007845279760658741,-0.032925648983476,1.1992526054382324,-2.2003867626190186
3.964613676071167,-0.02265875341251209,0.0021075939293950796,-0.02476634734190717,1.2529417276382446,-2.2031829357147217
3.9979476928710938,-0.0137432707267247,-0.0018989595118910074,-0.011844311214833692,1.293399453163147,-2.205303430557251
4.031276226043701,-0.002165502207710948,-0.008763163350522518,0.00659766114281157,1.3745996952056885,-2.2091357707977295
4.064610242843628,0.010968710846399913,-0.011752355843782425,0.02272106669018234,1.4151705503463745,-2.210721015930176
4.098090171813965,0.02362972856564933,-0.01525062881410122,0.03888035737975055,1.4691545963287354,-2.2126147747039795
4.131272792816162,0.034904475416580295,-0.01889256201684475,0.053797037433425045,1.5363242626190186,-2.214667797088623
4.1646716594696045,0.043173376039083194,-0.021275443956255913,0.06444881999533911,1.5896421670913696,-2.2163047790527344
4.197954177856445,0.046295726941469266,-0.022884806618094444,0.06918053355956372,1.6294028759002686,-2.217633008956909
4.231269598007202,0.046295726941469266,-0.02551417052745819,0.07180989746892746,1.7079516649246216,-2.2205283641815186
4.264615535736084,0.02859067950960205,-0.026601048186421394,0.05519172769602344,1.7468297481536865,-2.222036123275757
4.297947645187378,0.013547012920217802,-0.027743756771087646,0.04129076969130545,1.7982159852981567,-2.223992347717285
4.33128023147583,-0.003228846964031202,-0.02854624204337597,0.025317395079344766,1.861726999282837,-2.2263174057006836
4.364688873291016,-0.023470151546246744,-0.028595462441444397,0.005125310895197653,1.9119863510131836,-2.2281177043914795
4.3979332447052,-0.04550328432730971,-0.028233399614691734,-0.017269884712617978,1.9493571519851685,-2.2294602394104004
4.431267023086548,-0.0653755209865415,-0.026250820606946945,-0.03912470037959455,2.0231494903564453,-2.2321131229400635
4.464617729187012,-0.0653755209865415,-0.024655574932694435,-0.04071994605384706,2.0596024990081787,-2.2334697246551514
4.497950553894043,-0.10488401675107976,-0.02175460197031498,-0.08312941478076478,2.1076278686523438,-2.2352840900421143
4.53127121925354,-0.11888641863145316,-0.01682935282588005,-0.10205706580557311,2.1667253971099854,-2.2375123500823975
4.564619779586792,-0.1265644109864286,-0.01184295117855072,-0.11472145980787787,2.2132177352905273,-2.239217758178711
4.597948312759399,-0.1303416218946588,-0.005866186693310738,-0.12447543520134807,2.2589759826660156,-2.240839719772339
4.631283521652222,-0.12648785912797625,-0.0007369687664322555,-0.125750890361544,2.2928144931793213,-2.2420082092285156
4.664669752120972,-0.11662442960724109,0.006943625397980213,-0.1235680550052213,2.3372349739074707,-2.2434959411621094
4.69806694984436,-0.1042298557992744,0.017892323434352875,-0.12212217923362728,2.391643524169922,-2.2453434467315674
4.731288909912109,-0.08514119367846891,0.027517229318618774,-0.11265842299708768,2.4343903064727783,-2.246882677078247
4.764622688293457,-0.06348150380744207,0.035243358463048935,-0.098724862270491,2.465972661972046,-2.2480900287628174
4.797951698303223,-0.032846038567742264,0.05193513259291649,-0.08478117116065875,2.5276243686676025,-2.2506825923919678
4.831279993057251,-0.00012491099939747658,0.060742657631635666,-0.06086756863103314,2.557772397994995,-2.2520484924316406
4.864623785018921,0.03623049047271872,0.07283415645360947,-0.036603665980890744,2.5971827507019043,-2.2539069652557373
4.897943496704102,0.07538408176874506,0.08823121339082718,-0.01284713162208212,2.6451337337493896,-2.2563159465789795
4.9312803745269775,0.12214381319424113,0.10051342844963074,0.02163038474461039,2.682429552078247,-2.2583677768707275
4.964614391326904,0.1604920892171567,0.10960963368415833,0.05088245553299839,2.709803581237793,-2.259972095489502
4.997934103012085,0.19093560942915822,0.1271294504404068,0.06380615898875142,2.7630953788757324,-2.263265609741211
5.031273365020752,0.22237851156126714,0.13539040088653564,0.0869881106747315,2.7890610694885254,-2.26492977142334
5.064630508422852,0.25340652328683894,0.14570973813533783,0.1076967851515011,2.823014736175537,-2.2672228813171387
5.097944259643555,0.25340652328683894,0.157300665974617,0.09610585731222193,2.864527463912964,-2.270132541656494
5.131280899047852,0.27867601458273444,0.1654042750597,0.11327173952303443,2.897153615951538,-2.2724788188934326
5.164641618728638,0.27867601458273444,0.17234353721141815,0.10633247737131629,2.929361581802368,-2.2748160362243652
5.197964668273926,0.27867601458273444,0.1780562400817871,0.10061977450094733,2.961243152618408,-2.2771403789520264
5.231279611587524,0.29747188591332807,0.18256708979606628,0.11490479611726179,2.9928672313690186,-2.2794220447540283
5.264614820480347,0.28157179602670657,0.18599337339401245,0.09557842263269412,3.0243725776672363,-2.281648635864258
5.297940254211426,0.28157179602670657,0.1887894719839096,0.09278232404279696,3.0636179447174072,-2.284389019012451
5.331280946731567,0.26095032561587717,0.1899847537279129,0.07096557188796426,3.0950284004211426,-2.286526679992676
5.364640951156616,0.24304418901449976,0.1903316080570221,0.05271258095747766,3.1186492443084717,-2.2881264686584473
5.397938251495361,0.21980542021602498,0.18988566100597382,0.02991975921005116,3.1582021713256836,-2.2907421588897705
5.431282997131348,0.2116874357541536,0.18871241807937622,0.022975017674777387,3.1900994777679443,-2.292855978012085
5.464624404907227,0.20263964520010108,0.18689227104187012,0.015747374158230965,3.2222232818603516,-2.294962167739868
5.4979376792907715,0.19272972164298866,0.18382053077220917,0.008909190870779488,3.262690544128418,-2.2975847721099854
5.531277179718018,0.18059829740110422,0.18084736168384552,-0.0002490642827412959,3.295339584350586,-2.2996609210968018
5.5646257400512695,0.1649510537697314,0.17745904624462128,-0.012507992474889873,3.328270673751831,-2.301717519760132
5.597965478897095,0.1459582145170307,0.1746828556060791,-0.028724641089048403,3.3531665802001953,-2.3032422065734863
5.631271839141846,0.1459582145170307,0.16965512931346893,-0.023696914796438234,3.395059823989868,-2.305689573287964
5.664621353149414,0.1459582145170307,0.1653815656900406,-0.01942335117300989,3.4289815425872803,-2.307548761367798
5.697944641113281,0.1459582145170307,0.16097253561019897,-0.015014321093168276,3.4632461071014404,-2.3093502521514893
5.7312657833099365,0.09593677094186291,0.15541581809520721,-0.0594790471533443,3.506450891494751,-2.311588764190674
5.7646119594573975,0.08535905929729655,0.1510019451379776,-0.06564288584068105,3.541228771209717,-2.3133699893951416
5.7979443073272705,0.0802274898767476,0.1477373093366623,-0.06750981945991469,3.567411184310913,-2.3147099018096924
5.831289529800415,0.07171886078350333,0.1434555947780609,-0.07173673399455759,3.6023993492126465,-2.3165204524993896
5.864753246307373,0.06923205698704497,0.13828755915164948,-0.0690555021646045,3.6462290287017822,-2.3188247680664062
5.897950172424316,0.0671750984526935,0.13432545959949493,-0.06715036114680144,3.68135666847229,-2.3206052780151367
5.9312903881073,0.0671750984526935,0.1305316537618637,-0.06335655530917021,3.716522693634033,-2.3222734928131104
5.964618444442749,0.06295655638609209,0.1260121762752533,-0.06305561988916121,3.760531187057495,-2.324192762374878
5.998049259185791,0.06295655638609209,0.12336485087871552,-0.06040829449262343,3.786944627761841,-2.3253064155578613
6.031300067901611,0.061274874501206666,0.11989106982946396,-0.05861619532825729,3.8221819400787354,-2.326817274093628
6.06465482711792,0.061841512810385656,0.11563574522733688,-0.05379423241695123,3.8662467002868652,-2.3286874294281006
6.097976922988892,0.061878805144502357,0.11224636435508728,-0.050367559210584924,3.9014835357666016,-2.330165386199951
6.131297826766968,0.06365423831342061,0.10883257538080215,-0.045178337067381544,3.93664288520813,-2.3315775394439697
6.164607763290405,0.06435627848855283,0.10456591844558716,-0.04020963995703433,3.9804375171661377,-2.3332858085632324
6.197942495346069,0.06492908513183128,0.10201899707317352,-0.03708991194134224,4.006635665893555,-2.3343007564544678
6.2313196659088135,0.06578980844416074,0.09865154325962067,-0.032861734815459925,4.041491508483887,-2.335679292678833
6.264606714248657,0.06578980844353952,0.09444189071655273,-0.02865208227301322,4.08496618270874,-2.3374953269958496
6.297947883605957,0.06576425433583158,0.09103953838348389,-0.025275284047652308,4.1197285652160645,-2.338989019393921
6.331297874450684,0.06717125922343752,0.088484026491642,-0.021312767268204483,4.145849227905273,-2.3401479721069336
6.364620923995972,0.06713003700852384,0.08417339622974396,-0.01704335922122012,4.189529895782471,-2.342139482498169
6.397944450378418,0.06483976215360734,0.08065789937973022,-0.01581813722612288,4.224630832672119,-2.3438000679016113
6.431301832199097,0.06313029075705331,0.07704979926347733,-0.013919508506424011,4.2598466873168945,-2.3454794883728027
6.4646077156066895,0.06081850903587715,0.07241640239953995,-0.0115978933636628,4.304028034210205,-2.347625732421875
6.497941493988037,0.0568019135225381,0.06859523057937622,-0.011793317056838122,4.339495658874512,-2.3493895530700684
6.531297445297241,0.05091038974422049,0.0656735897064209,-0.014763199962200407,4.366171360015869,-2.3507416248321533
6.564603805541992,0.046303155511761424,0.05976807326078415,-0.013464917749022726,4.419761657714844,-2.353546619415283
6.59807014465332,0.042282699085846115,0.056821394711732864,-0.01453869562588675,4.446681022644043,-2.3549907207489014
6.631292343139648,0.03700924199348983,0.05292505770921707,-0.01591581571572724,4.482723712921143,-2.35691237449646
6.6646034717559814,0.03700924199348983,0.04815686494112015,-0.011147622947630317,4.528055191040039,-2.3592255115509033
6.697936296463013,0.0274576357802091,0.04447687417268753,-0.01701923839247843,4.564504623413086,-2.361036777496338
6.731344223022461,0.0274576357802091,0.04090848192572594,-0.013450846145516837,4.601092338562012,-2.362809419631958
6.764661073684692,0.02033021199584336,0.038313765078783035,-0.017983553082939675,4.628633499145508,-2.3641159534454346
6.797935962677002,0.015466878457944418,0.034200504422187805,-0.018733625964243387,4.674717426300049,-2.3662657737731934
6.831279039382935,0.01031330922264015,0.031163852661848068,-0.02085054343920792,4.711730480194092,-2.367969036102295
6.864619016647339,0.007911370508139651,0.028336333110928535,-0.020424962602788886,4.748807430267334,-2.3696341514587402
6.897937536239624,0.0028243767834390107,0.025155283510684967,-0.022330906727245955,4.795187950134277,-2.37161922454834
6.9312989711761475,-0.00038839623863068753,0.022941386327147484,-0.02332978256577817,4.832273006439209,-2.373171329498291
6.964765787124634,-0.005111683852052252,0.02150874212384224,-0.026620425975894493,4.8600172996521,-2.374293804168701
6.998044967651367,-0.00916716992090706,0.01948312297463417,-0.028650292895541232,4.906047821044922,-2.3760554790496826
7.031277179718018,-0.014305389535304336,0.018155090510845184,-0.03246048004614952,4.942584037780762,-2.377347469329834
7.064608097076416,-0.01768552529359437,0.01709945872426033,-0.0347849840178547,4.9787774085998535,-2.3785135746002197
7.098100900650024,-0.020287847783884753,0.016317222267389297,-0.03660507005127405,5.014619827270508,-2.3795690536499023
7.131304025650024,-0.021611801547040285,0.015695583075284958,-0.037307384622325246,5.0589752197265625,-2.380797863006592
7.164650201797485,-0.02656715199903942,0.015543019399046898,-0.042110171398086316,5.085333347320557,-2.3814706802368164
7.197961807250977,-0.027332546942317345,0.015579447150230408,-0.042911994092547756,5.120226860046387,-2.3823015689849854
7.231274604797363,-0.03065440612159817,0.016003204509615898,-0.04665761063121407,5.163473129272461,-2.383263349533081
7.264657497406006,-0.030654406132801813,0.01663169451057911,-0.04728610064338092,5.197758674621582,-2.383998155593872
7.298095941543579,-0.03142685835418029,0.017259012907743454,-0.048685871261923745,5.223300457000732,-2.3845582008361816
7.331287145614624,-0.03197165399426015,0.01883777230978012,-0.05080942630404027,5.27407169342041,-2.3856582641601562
7.364631414413452,-0.03142277707468642,0.01982968859374523,-0.051252465668431654,5.299370765686035,-2.3862016201019287
7.398026704788208,-0.0293294178380282,0.021306270733475685,-0.050635688571503884,5.333113670349121,-2.3869400024414062
7.431282043457031,-0.026982486480984693,0.023423267528414726,-0.05040575400939942,5.375331401824951,-2.387892723083496
7.46460747718811,-0.023679117121805544,0.02527276985347271,-0.048951886975278254,5.409195423126221,-2.3887176513671875
7.497988939285278,-0.019600301297549427,0.02724342793226242,-0.04684372922981185,5.443153381347656,-2.3895974159240723
7.531299114227295,-0.01335997727891696,0.02985452115535736,-0.04321449843427432,5.485782146453857,-2.3907151222229004
7.564610004425049,-0.0094259532166053,0.03149425983428955,-0.040920213050894855,5.511484146118164,-2.391366958618164
7.598003625869751,-0.0002997681047013237,0.03370973840355873,-0.034009506508260054,5.545848846435547,-2.392228364944458
7.631277799606323,0.007240351496376802,0.036506157368421555,-0.02926580587204475,5.588934421539307,-2.3933403491973877
7.664621591567993,0.013301619408018212,0.03873211145401001,-0.0254304920459918,5.623472690582275,-2.3942699432373047
7.6979660987854,0.018943400537651794,0.040949393063783646,-0.022005992526131852,5.6580352783203125,-2.3952548503875732
7.731290578842163,0.025738501024925444,0.04312397912144661,-0.017385478096521165,5.692623615264893,-2.396317481994629
7.7646214962005615,0.030886435827846476,0.045179013162851334,-0.014292577335004858,5.727234363555908,-2.3974719047546387
7.797966003417969,0.03566002102928012,0.047037601470947266,-0.011377580441667146,5.7618536949157715,-2.3986809253692627
7.831288814544678,0.040770967243708184,0.048624925315380096,-0.007853958071671913,5.7964653968811035,-2.3999366760253906
7.864650249481201,0.04471632643752852,0.05026145279407501,-0.005545126356546491,5.839690685272217,-2.401564836502075
7.897989988327026,0.045953990671620204,0.05131636559963226,-0.005362374928012059,5.874204635620117,-2.4029147624969482
7.9312965869903564,0.045953990671620204,0.051977258175611496,-0.006023267503991292,5.900031089782715,-2.4039530754089355
7.964675188064575,0.0519374641743472,0.05266331508755684,-0.00072585091320964,5.934382438659668,-2.405465841293335
7.9980363845825195,0.05458231596595005,0.05322827398777008,0.0013540419781799679,5.97714376449585,-2.4074294567108154
8.031318187713623,0.05342433864205395,0.053448352962732315,-2.4014320678361623e-05,6.011152267456055,-2.409055709838867
8.064658403396606,0.05397956195981932,0.053486451506614685,0.0004931104532046315,6.044999122619629,-2.410707712173462
8.097972393035889,0.051937464134963446,0.053247738629579544,-0.0013102744946160982,6.087094783782959,-2.4127657413482666
8.131350755691528,0.05193746416846542,0.05282965674996376,-0.0008921925814983425,6.1205854415893555,-2.4143929481506348
8.164655685424805,0.051306846756611076,0.05239060893654823,-0.0010837621799371575,6.145623207092285,-2.415632486343384
8.197999715805054,0.04778246699745012,0.05147932097315788,-0.0036968539757077645,6.187170028686523,-2.417675495147705
8.231302499771118,0.04263950287993337,0.050513338297605515,-0.007873835417672143,6.220287799835205,-2.419313907623291
8.264660120010376,0.03947247270812761,0.04937950521707535,-0.009907032508947741,6.253384590148926,-2.4209601879119873
8.297964811325073,0.036944774802348916,0.04813002794981003,-0.011185253147461112,6.28649377822876,-2.4225401878356934
8.3313148021698,0.03302198095872795,0.0467437319457531,-0.013721750987025147,6.319693088531494,-2.4240822792053223
8.364646434783936,0.03017827566448456,0.04522813484072685,-0.015049859176242294,6.353064060211182,-2.42557430267334
8.397945880889893,0.027007481316991416,0.043110884726047516,-0.0161034034090561,6.3950347900390625,-2.427410364151001
8.431323051452637,0.0221459451036406,0.04125940054655075,-0.01911345544291015,6.428881645202637,-2.4289093017578125
8.4646577835083,0.020025641826426497,0.03936903923749924,-0.01934339741107274,6.462917327880859,-2.4303953647613525
8.497951030731201,0.018697487062901877,0.03701769933104515,-0.018320212268143274,6.505781173706055,-2.432310104370117
8.531296968460083,0.015024329855646428,0.03559334948658943,-0.020569019630943004,6.531713485717773,-2.4335360527038574
8.564691066741943,0.014798502388077922,0.03370681777596474,-0.018908315387886815,6.566460132598877,-2.4351999759674072
8.597942352294922,0.012635997162633727,0.03143514320254326,-0.01879914603990953,6.610142707824707,-2.437356472015381
8.63128113746643,0.011837334456544165,0.029672561213374138,-0.017835226756829973,6.645376205444336,-2.439168691635132
8.664649486541748,0.009287503510502572,0.02786237746477127,-0.018574873954268697,6.68084716796875,-2.4408864974975586
8.697959184646606,0.00722045593810841,0.025494765490293503,-0.018274309552185092,6.7255682945251465,-2.4428207874298096
8.731300592422485,0.008443050139801697,0.02409345656633377,-0.015650406426532072,6.752609729766846,-2.4438774585723877
8.764645338058472,0.009233274393099537,0.0222427137196064,-0.013009439326506863,6.788884162902832,-2.445180892944336
8.798035383224487,0.007186561987467537,0.020421728491783142,-0.013235166504315606,6.825372219085693,-2.446366310119629
8.831562995910645,0.007167591041898683,0.01815379224717617,-0.010986201205277487,6.871184349060059,-2.447727918624878
8.864657402038574,0.0065849390036003775,0.01635003089904785,-0.009765091895447473,6.9079461097717285,-2.448805570602417
8.897966623306274,0.004235975113600272,0.015015151351690292,-0.010779176238090021,6.9355645179748535,-2.449638843536377
8.931341886520386,0.00306578867644867,0.013301455415785313,-0.010235666739336643,6.972376823425293,-2.450770139694214
8.964659690856934,0.0014008242665036758,0.011239942163228989,-0.009839117896725313,7.018321514129639,-2.452159881591797
8.99805235862732,-0.0005706214465598614,0.00962841883301735,-0.01019904027957721,7.054978847503662,-2.4532089233398438
9.031334161758423,-0.0020181846751152273,0.008044391870498657,-0.010062576545613884,7.091526985168457,-2.4541921615600586
9.064672708511353,-0.002704470013559125,0.006148954853415489,-0.008853424866974614,7.13692569732666,-2.4553627967834473
9.098044633865356,-0.0027388230337402467,0.005043382290750742,-0.007782205324490988,7.163976669311523,-2.4560558795928955
9.131413459777832,-0.003971168376747605,0.0035851604770869017,-0.007556328853834507,7.199769020080566,-2.456937074661255
9.164674043655396,-0.005738641137377119,0.0018067369237542152,-0.0075453780611313345,7.244104385375977,-2.458000898361206
9.197997093200684,-0.006229958924177019,0.0004300160217098892,-0.006659974945886908,7.2793660163879395,-2.458828926086426
9.231417179107666,-0.010467308447181297,-0.0008726856904104352,-0.009594622756770862,7.3144121170043945,-2.4596104621887207
9.264689683914185,-0.014135414293906962,-0.002083900384604931,-0.012051513909302031,7.3492045402526855,-2.4603641033172607
9.297985315322876,-0.01469726741862063,-0.0032106866128742695,-0.01148658080574636,7.383745193481445,-2.4610607624053955
9.331386804580688,-0.01829680333063521,-0.004263781942427158,-0.014033021388208052,7.418045520782471,-2.4616997241973877
9.364639520645142,-0.01829680333063521,-0.0055084144696593285,-0.012788388860975882,7.460550308227539,-2.4624276161193848
9.397999286651611,-0.01829680333063521,-0.006455862894654274,-0.011840940435980937,7.494274139404297,-2.4629640579223633
9.431373357772827,-0.021110769151323035,-0.00711614778265357,-0.013994621368669465,7.5194315910339355,-2.463332414627075
9.464626789093018,-0.023028078652901206,-0.008077943697571754,-0.014950134955329451,7.561187267303467,-2.463876247406006
9.498016834259033,-0.024050152675733974,-0.00867262203246355,-0.015377530643270423,7.59445858001709,-2.4642553329467773
9.53138780593872,-0.025332923014415462,-0.009160198271274567,-0.016172724743140895,7.627627372741699,-2.4646012783050537
9.56460428237915,-0.025332629952968005,-0.00961492769420147,-0.015717702258766536,7.6688995361328125,-2.464937210083008
9.597970724105835,-0.025332923014119362,-0.00986240804195404,-0.015470514972165322,7.701791763305664,-2.465130567550659
9.63147258758545,-0.025980333633863387,-0.009957000613212585,-0.0160233330206508,7.726417064666748,-2.4652369022369385
9.66481637954712,-0.025973029292779518,-0.010026924312114716,-0.015946104980664802,7.759268760681152,-2.4653687477111816
9.697992086410522,-0.025973029292779518,-0.010059119202196598,-0.01591391009058292,7.8004279136657715,-2.465407133102417
9.731459856033325,-0.025324873676684442,-0.010034343227744102,-0.01529053044894034,7.833474636077881,-2.4653613567352295
9.764803886413574,-0.024107789191557465,-0.010006215423345566,-0.0141015737682119,7.866610527038574,-2.465268135070801
9.797940492630005,-0.023028078605740687,-0.00995345413684845,-0.013074624468892238,7.908087730407715,-2.4651265144348145
9.831379652023315,-0.021105775665135194,-0.009940393269062042,-0.011165382396073151,7.93300199508667,-2.4649901390075684
9.864713430404663,-0.017850463459332475,-0.009935406967997551,-0.007915056491334924,7.966231346130371,-2.4647738933563232
9.898176193237305,-0.01553244566666617,-0.009954608045518398,-0.0055778376211477725,7.999446868896484,-2.4645230770111084
9.931373596191406,-0.01658008110630216,-0.009955078363418579,-0.006625002742883582,8.040925025939941,-2.4642205238342285
9.964673042297363,-0.01367461980013439,-0.009882153943181038,-0.003792465856953352,8.074101448059082,-2.464036464691162
9.998040914535522,-0.011408507164718152,-0.0098394975066185,-0.0015690096580996526,8.107219696044922,-2.463888645172119
10.031403064727783,-0.00844430772285572,-0.009817184880375862,0.0013728771575201425,8.148568153381348,-2.463776111602783
10.064695596694946,-0.007107844709382387,-0.00978358555585146,0.002675740846469072,8.173317909240723,-2.4637362957000732
10.098058462142944,-0.00290303579287425,-0.009700560010969639,0.006797524218095388,8.206177711486816,-2.463712692260742
10.131325006484985,-0.004222153834774794,-0.009585448540747166,0.005363294705972372,8.247003555297852,-2.463712692260742
10.164685726165771,-0.001456154092977202,-0.009457163512706757,0.008001009419729555,8.27945327758789,-2.463757276535034
10.198381662368774,-2.2659989987652426e-11,-0.009338976815342903,0.009338976792682913,8.311657905578613,-2.4638452529907227
10.231370210647583,-2.2659989987652426e-11,-0.009258925914764404,0.009258925892104414,8.351641654968262,-2.4640841484069824
10.264647483825684,-2.2659989987652426e-11,-0.009266246110200882,0.009266246087540892,8.375500679016113,-2.4642698764801025
10.298201084136963,3.229677890143064e-11,-0.009374571032822132,0.00937457106511891,8.407211303710938,-2.4645605087280273
10.331288576126099,3.229677890143064e-11,-0.00964359100908041,0.009643591041377188,8.446760177612305,-2.464958667755127
10.364649057388306,-0.004222153866607291,-0.009987340308725834,0.0057651864421185426,8.478445053100586,-2.465240240097046
10.398046493530273,-0.004222153866607291,-0.010331380181014538,0.0061092263144072465,8.502250671386719,-2.465407371520996
10.431329488754272,-0.008444307669024365,-0.010983599349856377,0.0025392916808320114,8.542000770568848,-2.4656288623809814
10.465096473693848,-0.012647237375509587,-0.011558392085134983,-0.0010888452903746043,8.573946952819824,-2.4657795429229736
10.498053073883057,-0.01687487594084192,-0.012150466442108154,-0.004724409498733765,8.606053352355957,-2.4660189151763916
10.531469583511353,-0.018539212752456825,-0.012913325801491737,-0.005625886950965088,8.64646053314209,-2.466353416442871
10.564718008041382,-0.0211020516079178,-0.013572214171290398,-0.007529837436627402,8.678958892822266,-2.4666335582733154
10.598283290863037,-0.02199878177988026,-0.014283332042396069,-0.007715449737484191,8.71165657043457,-2.4668896198272705
10.63144063949585,-0.02111076918653719,-0.014861583709716797,-0.006249185476820393,8.736295700073242,-2.4670684337615967
10.664620876312256,-0.02111076914694873,-0.01585886999964714,-0.0052518991473015884,8.777472496032715,-2.467376232147217
10.698625087738037,-0.02111076916796176,-0.016669202595949173,-0.0044415665720125876,8.81053638458252,-2.4676430225372314
10.73149061203003,-0.022863922558766587,-0.017470723018050194,-0.005393199540716393,8.843677520751953,-2.46798038482666
10.764878034591675,-0.021110769191195963,-0.018478114157915115,-0.002632655033280848,8.885225296020508,-2.468379020690918
10.798129081726074,-0.01864253924236988,-0.019070640206336975,0.00042810096396709435,8.910191535949707,-2.468614101409912
10.8315110206604,-0.016888615324987588,-0.019845381379127502,0.0029567660541399143,8.943495750427246,-2.4688642024993896
10.865077495574951,-0.01359989086652022,-0.02059064246714115,0.006990751600620931,8.97675609588623,-2.469085931777954
10.898130893707275,-0.01266646147152465,-0.02155817300081253,0.008891711529287881,9.018264770507812,-2.46934175491333
10.931424856185913,-0.008444307669306433,-0.022390300408005714,0.013945992738699281,9.05140209197998,-2.4696156978607178
10.96529483795166,-0.00844430772285572,-0.023026082664728165,0.014581774941872445,9.076242446899414,-2.469820976257324
10.998029470443726,-0.005208541150196204,-0.02405710518360138,0.018848564033405176,9.117545127868652,-2.4701578617095947
11.03136682510376,-0.004222153835806675,-0.024888595566153526,0.020666441730346853,9.150481224060059,-2.4704127311706543
11.064802408218384,-0.003994084896789165,-0.025674881413578987,0.02168079651678982,9.183309555053711,-2.4706339836120605
11.098422527313232,-0.0030030951946931382,-0.026597071439027786,0.02359397624433465,9.224226951599121,-2.470870018005371
11.131568908691406,-0.0034316345419743775,-0.027312688529491425,0.023881053987517047,9.256850242614746,-2.4710001945495605
11.164790868759155,-0.0039930728261691585,-0.027942804619669914,0.023949731793500757,9.289325714111328,-2.4711506366729736
11.19863772392273,-0.003534234660051917,-0.028474541381001472,0.024940306720949556,9.321649551391602,-2.4713151454925537
11.231370687484741,-0.0072445058114665875,-0.028907345607876778,0.02166283979641019,9.353787422180176,-2.471574306488037
11.264749765396118,-0.009411288586921267,-0.029249422252178192,0.019838133665256927,9.385788917541504,-2.471893072128296
11.298471689224243,-0.0126664614783485,-0.029577204957604408,0.016910743479255908,9.425668716430664,-2.472423791885376
11.33138108253479,-0.015717861928330114,-0.029751604422926903,0.014033742494596789,9.457484245300293,-2.4729526042938232
11.36482572555542,-0.017887854529294995,-0.029868368059396744,0.011980513530101749,9.489242553710938,-2.4735147953033447
11.398108720779419,-0.021110769179854622,-0.02991323359310627,0.008802464413251648,9.513032913208008,-2.473949909210205
11.431325674057007,-0.023171670951589868,-0.029893094673752785,0.006721423722162917,9.552654266357422,-2.4746603965759277
11.465370416641235,-0.029555076853855153,-0.029741337522864342,0.00018626066900918892,9.584321975708008,-2.4752683639526367
11.498146057128906,-0.0337772306957114,-0.029518846422433853,-0.004258384273277543,9.61599349975586,-2.475843906402588
11.53139591217041,-0.03799938459812609,-0.029284154996275902,-0.008715229601850186,9.639762878417969,-2.476294755935669
11.564791917800903,-0.04010957274337298,-0.028849419206380844,-0.011260153536992133,9.679341316223145,-2.4770781993865967
11.598053693771362,-0.04549843401892287,-0.028439689427614212,-0.017058744591308656,9.710932731628418,-2.477813959121704
11.631486415863037,-0.047815376063350554,-0.02795904316008091,-0.019856332903269644,9.742415428161621,-2.4785518646240234
11.664736270904541,-0.04992760514738597,-0.027242375537753105,-0.022685229609632866,9.781603813171387,-2.479536771774292
11.698054552078247,-0.05394172576856533,-0.026600003242492676,-0.027341722526072657,9.812797546386719,-2.480320930480957
11.731430053710938,-0.05394963526037443,-0.02607245184481144,-0.027877183415562994,9.836108207702637,-2.480867624282837
11.764670133590698,-0.05394963526037443,-0.025033794343471527,-0.028915840916902906,9.874773025512695,-2.4816596508026123
11.79805874824524,-0.05322475033456627,-0.024021722376346588,-0.029203027958219684,9.905593872070312,-2.482184886932373
11.831658601760864,-0.05066584608302582,-0.022868745028972626,-0.027797101054053197,9.936310768127441,-2.482700824737549
11.86510419845581,-0.049678478858584375,-0.021273208782076836,-0.02840527007650754,9.974575996398926,-2.483306407928467
11.898054361343384,-0.04548135019566805,-0.019914111122488976,-0.025567239073179072,10.00515079498291,-2.4837262630462646
11.9314124584198,-0.04208072676881333,-0.018476052209734917,-0.023604674559078415,10.035712242126465,-2.48417067527771
11.965135097503662,-0.035109762207221874,-0.016975276172161102,-0.018134486035060772,10.06631851196289,-2.4845447540283203
11.998470783233643,-0.02849899245529509,-0.015490365214645863,-0.013008627240649228,10.097024917602539,-2.484921932220459
12.03143858909607,-0.02209113059321774,-0.014047675766050816,-0.008043454827166924,10.127820014953613,-2.4852585792541504
12.064616203308105,-0.016176068371203892,-0.012353731319308281,-0.0038223370518956114,10.166536331176758,-2.4856224060058594
12.098084449768066,-0.006257913517925834,-0.011065149679780006,0.004807236161854173,10.197700500488281,-2.4859161376953125
12.131500959396362,0.0012863554847838984,-0.01013921294361353,0.011425568428397427,10.221170425415039,-2.4861245155334473
12.164604425430298,0.009706438202207818,-0.008583039045333862,0.01828947724754168,10.268460273742676,-2.4864842891693115
12.19800591468811,0.016053635153744247,-0.007966875098645687,0.024020510252389934,10.292213439941406,-2.4866104125976562
12.231458902359009,0.020093840914561404,-0.007349590305238962,0.027443431219800366,10.324021339416504,-2.4866933822631836
12.26464056968689,0.02675285636889007,-0.006905265152454376,0.033658121521344446,10.363920211791992,-2.4867029190063477
12.29801893234253,0.02990946699034412,-0.006785154342651367,0.03669462133299549,10.3959321975708,-2.4865643978118896
12.33186411857605,0.033777230749209165,-0.0068392762914299965,0.04061650704063916,10.420001983642578,-2.4864232540130615
12.364749908447266,0.033777230749209165,-0.007092053070664406,0.04086928381987357,10.452203750610352,-2.4862871170043945
12.397974967956543,0.032754393247192294,-0.0077394056133925915,0.040493798860584886,10.49260139465332,-2.4861931800842285
12.4316565990448,0.025684722130551098,-0.00852352287620306,0.03420824500675416,10.525050163269043,-2.4861717224121094
12.464627504348755,0.02456259620877066,-0.009594225324690342,0.034156821533461,10.557628631591797,-2.4861903190612793
12.498081922531128,0.02456259620877066,-0.011282059364020824,0.035844655572791484,10.598488807678223,-2.486252546310425
12.531355381011963,0.018289296747557394,-0.012808200903236866,0.03109749765079426,10.631269454956055,-2.486327648162842
12.564825057983398,0.014038936858303597,-0.014021112583577633,0.02806004944188123,10.655898094177246,-2.4863831996917725
12.597943782806396,0.0074303618174540575,-0.016144197434186935,0.023574559251640995,10.696999549865723,-2.4864790439605713
12.631450891494751,0.0002494802282492601,-0.017866989597678185,0.018116469825927444,10.729937553405762,-2.486586093902588
12.664759397506714,-0.005134781294915066,-0.019555501639842987,0.014420720344927921,10.762957572937012,-2.486701488494873
12.697960138320923,-0.01688861538402657,-0.02161451056599617,0.0047258951819696,10.804352760314941,-2.486848831176758
12.731268882751465,-0.022113114268507306,-0.022817881777882576,0.0007047675093752696,10.829233169555664,-2.4869155883789062
12.764700174331665,-0.022113114268507306,-0.02444097027182579,0.002327856003318484,10.86245346069336,-2.4869658946990967
12.797945976257324,-0.02938758708031336,-0.026399750262498856,-0.0029878368178145043,10.90404987335205,-2.486968755722046
12.831268787384033,-0.03784859437071799,-0.02787930890917778,-0.00996928546154021,10.937353134155273,-2.4870004653930664
12.86460018157959,-0.04010420550442372,-0.029262026771903038,-0.010842178732520684,10.970634460449219,-2.4870829582214355
12.89794135093689,-0.04433467782731973,-0.030482040718197823,-0.013852637109121907,11.003861427307129,-2.487128734588623
12.93130111694336,-0.04972725191193172,-0.03150913864374161,-0.01821811326819011,11.037016868591309,-2.4871129989624023
12.964630365371704,-0.05066584617053126,-0.03234217315912247,-0.018323673011408796,11.070064544677734,-2.487037420272827
12.997937679290771,-0.05066584608404455,-0.03297600522637367,-0.017689840857670877,11.102943420410156,-2.4868927001953125
13.031377792358398,-0.05066584608404455,-0.03347141668200493,-0.01719442940203962,11.143829345703125,-2.4866762161254883
13.064836025238037,-0.04985832097494901,-0.03359931334853172,-0.016259007626417285,11.176377296447754,-2.4864461421966553
13.09789490699768,-0.04856769790704617,-0.033546898514032364,-0.015020799393013803,11.200671195983887,-2.4862630367279053
13.13129448890686,-0.04681867882685198,-0.03314860537648201,-0.013670073450369968,11.249064445495605,-2.4858763217926025
13.16466212272644,-0.04681867882685198,-0.0328332744538784,-0.013985404372973576,11.273181915283203,-2.485708713531494
13.197944164276123,-0.04009589195621063,-0.03229495510458946,-0.007800936851621171,11.3052396774292,-2.485564708709717
13.231271028518677,-0.03619283023092263,-0.031445495784282684,-0.004747334446639946,11.345128059387207,-2.485497236251831
13.264631986618042,-0.03360745029121404,-0.030613023787736893,-0.0029944265034771503,11.376920700073242,-2.4855542182922363
13.297934293746948,-0.029380970057232857,-0.02960164286196232,0.00022067280472946177,11.408631324768066,-2.485684394836426
13.331269979476929,-0.024577750835790755,-0.028143025934696198,0.0035652750989054426,11.448199272155762,-2.4857711791992188
13.364604949951172,-0.024237386150701517,-0.0272188950330019,0.002981508882300383,11.471919059753418,-2.485785484313965
13.398033857345581,-0.02317459167007483,-0.025948690250515938,0.0027740985804411075,11.503524780273438,-2.485757350921631
13.431273698806763,-0.02146380475695405,-0.024312278255820274,0.0028484734988662233,11.543094635009766,-2.4855709075927734
13.464737892150879,-0.021110769168419266,-0.02300555445253849,0.0018947852841192242,11.574894905090332,-2.4853708744049072
13.497985601425171,-0.019905109482211424,-0.022035768255591393,0.0021306587733799683,11.598834037780762,-2.4852044582366943
13.531266212463379,-0.01995746756480447,-0.020118700340390205,0.00016123277558573526,11.64710521697998,-2.4847042560577393
13.564746141433716,-0.01632848509629677,-0.019192038103938103,0.0028635530076413333,11.671391487121582,-2.4844179153442383
13.59793996810913,-0.016888615340864634,-0.017999283969402313,0.001110668628537679,11.703939437866211,-2.4840221405029297
13.63127088546753,-0.015744144666396558,-0.016878411173820496,0.001134266507423938,11.736687660217285,-2.483609914779663
13.664604187011719,-0.015628472762149192,-0.015619552694261074,-8.920067888117805e-06,11.777942657470703,-2.4830918312072754
13.697941541671753,-0.016679081605188526,-0.01473664678633213,-0.0019424348188563957,11.8111572265625,-2.482687473297119
13.731268167495728,-0.015714776827364982,-0.014155333861708641,-0.0015594429656563408,11.836183547973633,-2.482372283935547
13.764609813690186,-0.015663023817973517,-0.013301603496074677,-0.0023614203218988404,11.878114700317383,-2.4818074703216553
13.797968864440918,-0.01568544549208213,-0.012695040553808212,-0.002990404938273919,11.911800384521484,-2.4814083576202393
13.831283330917358,-0.01668915732852517,-0.012151626870036125,-0.004537530458489043,11.945569038391113,-2.481062650680542
13.864621877670288,-0.01570852787596493,-0.011780055239796638,-0.0039284726361682905,11.970932006835938,-2.4808409214019775
13.898071050643921,-0.01620377167144975,-0.011206360533833504,-0.004997411137616245,12.013236999511719,-2.480520009994507
13.931276798248291,-0.019079106129055712,-0.010735268704593182,-0.008343837424462531,12.04706859588623,-2.4803011417388916
13.96460223197937,-0.017841205941534412,-0.01024808268994093,-0.007593123251593482,12.080866813659668,-2.480121374130249
13.997934341430664,-0.01584265719628081,-0.009587065316736698,-0.0062555918795441125,12.12306022644043,-2.479996919631958
14.031277179718018,-0.01358228111820887,-0.009005812928080559,-0.004576468190128311,12.15670394897461,-2.479952573776245
14.064619302749634,-0.010670394604883117,-0.00853640679270029,-0.0021339878121828266,12.181855201721191,-2.4799888134002686
14.09806513786316,-0.007627365109473182,-0.007433259394019842,-0.00019410571545333977,12.231797218322754,-2.4801130294799805
14.131270170211792,-0.004485381456241162,-0.006850464269518852,0.00236508281327769,12.25661563873291,-2.4801700115203857
14.164758205413818,-0.003164029372524,-0.006085434928536415,0.002921405556012415,12.289507865905762,-2.4802589416503906
14.1979501247406,-0.0022155701398978876,-0.005135148763656616,0.0029195786237587286,12.330323219299316,-2.480372190475464
14.23128080368042,0.000878343420617114,-0.004411688074469566,0.005290031495086681,12.36273193359375,-2.480424404144287
14.264655351638794,0.004475315156820365,-0.0038803156930953264,0.008355630849915693,12.386884689331055,-2.480436325073242
14.298053979873657,0.006241546786739673,-0.0027734972536563873,0.009015044040396061,12.43478775024414,-2.480394124984741
14.33126950263977,0.008207116532371796,-0.0022135332692414522,0.010420649801613249,12.458520889282227,-2.480372190475464
14.364623785018921,0.006249793176063727,-0.0014717091107740998,0.007721502286837827,12.489913940429688,-2.480382204055786
14.3979332447052,0.006253055298103961,-0.0005620743031613529,0.006815129601265314,12.528809547424316,-2.480393409729004
14.431282997131348,0.006256566847879018,8.929600153351203e-05,0.006167270846345506,12.559608459472656,-2.4804131984710693
14.464755296707153,0.005090228154163783,0.0006875176914036274,0.0044027104627601555,12.590134620666504,-2.480485439300537
14.497971057891846,0.004469211583514207,0.001101170084439218,0.0033680414990749892,12.612885475158691,-2.480556011199951
14.531272649765015,0.003246484205183859,0.0016712876968085766,0.0015751965083752825,12.650589942932129,-2.4807233810424805
14.564610719680786,0.0012983934863231353,0.002041729399934411,-0.0007433359136112757,12.680663108825684,-2.480914354324341
14.597959280014038,-0.0030689161530489868,0.002345006912946701,-0.005413923065995687,12.710639953613281,-2.4811320304870605
14.631273984909058,-0.0053076559819217085,0.0026842306833714247,-0.007991886665293133,12.748026847839355,-2.481405019760132
14.664620399475098,-0.007301575517328127,0.0028894226998090744,-0.0101909982171372,12.770441055297852,-2.481544017791748
14.697953462600708,-0.007301575517328127,0.0031855625566095114,-0.010487138073937637,12.800292015075684,-2.4816744327545166
14.731275081634521,-0.00721339782633859,0.0036060039419680834,-0.010819401768306675,12.83755874633789,-2.4818036556243896
14.764620304107666,-0.007293545031845849,0.003962834365665913,-0.011256379397511762,12.8673734664917,-2.481956958770752
14.797954559326172,-0.007293545031845849,0.004310326650738716,-0.011603871682584565,12.897223472595215,-2.4821624755859375
14.831302881240845,-0.007293545031845849,0.004660080187022686,-0.011953625218868535,12.927127838134766,-2.482367753982544
14.86465334892273,-0.006247508106491795,0.0051122321747243404,-0.011359740281216136,12.964557647705078,-2.4826860427856445
14.898092269897461,-0.00721339782633859,0.00539738405495882,-0.012610781881297412,12.987088203430176,-2.482919692993164
14.931281566619873,-0.008226262171421587,0.005814773496240377,-0.014041035667661964,13.017208099365234,-2.4832818508148193
14.964739322662354,-0.007301575517328127,0.006400389596819878,-0.013701965114148004,13.055013656616211,-2.483761787414551
14.997936248779297,-0.007301575517328127,0.006895873695611954,-0.01419744921294008,13.085336685180664,-2.484161853790283
15.03129267692566,-0.005271064205956432,0.007393325213342905,-0.012664389419299336,13.115671157836914,-2.4845163822174072
15.064599752426147,-0.006386970046157702,0.008032136596739292,-0.014419106642896994,13.153563499450684,-2.4849469661712646
15.097951173782349,-0.005259403231428935,0.00843793898820877,-0.013697342219637705,13.176260948181152,-2.485183000564575
15.131289958953857,-0.006386970046157702,0.00903243012726307,-0.01541940017342077,13.206442832946777,-2.4854800701141357
15.164720296859741,-0.006386970046157702,0.009832884185016155,-0.016219854231173857,13.244089126586914,-2.485867738723755
15.197937250137329,-0.004012143821370552,0.010488207451999187,-0.014500351273369738,13.27413558959961,-2.486048698425293
15.231291770935059,-0.0023898080292297044,0.011107460595667362,-0.013497268624897066,13.304099082946777,-2.486159086227417
15.264644861221313,-0.002407943625309761,0.011816240847110748,-0.01422418447242051,13.341423988342285,-2.4862959384918213
15.297942638397217,-0.0021289900464486738,0.012185492552816868,-0.014314482599265542,13.363720893859863,-2.4863879680633545
15.331289529800415,-0.002128990006932015,0.012582226656377316,-0.01471121666330933,13.393342971801758,-2.4864704608917236
15.36469030380249,-0.00392317491737672,0.012929190881550312,-0.016852365798927033,13.430256843566895,-2.48663067817688
15.397963762283325,-0.00392317491737672,0.013074737042188644,-0.016997911959565366,13.459728240966797,-2.486814498901367
15.43127989768982,-0.006787099005590829,0.013132377527654171,-0.019919476533245,13.481816291809082,-2.486966609954834
15.464631795883179,-0.006270811660190524,0.01318504847586155,-0.019455860136052074,13.511266708374023,-2.487206220626831
15.49796175956726,-0.006844813625910156,0.013246030546724796,-0.02009084417263495,13.548145294189453,-2.487584114074707
15.531280994415283,-0.006386970015681021,0.01332757156342268,-0.0197145415791037,13.577750205993652,-2.4879355430603027
15.564616680145264,-0.003773826026636254,0.013437606394290924,-0.017211432420927177,13.607465744018555,-2.488351345062256
15.59793210029602,-0.0030942966153389958,0.013573694974184036,-0.01666799158952303,13.644779205322266,-2.4888503551483154
15.631289005279541,-0.0007738057038862404,0.013668752275407314,-0.014442557979293554,13.674763679504395,-2.4892897605895996
15.664626359939575,0.0012791313142923068,0.013719722628593445,-0.012440591314301138,13.697318077087402,-2.489598035812378
15.698017120361328,0.0033760860278919166,0.01372232474386692,-0.010346238715975004,13.727477073669434,-2.490000009536743
15.731282949447632,0.0033760860278919166,0.01355838030576706,-0.010182294277875143,13.765244483947754,-2.4904637336730957
15.764759063720703,0.007663435646388983,0.0132702412083745,-0.0056068055619855174,13.795573234558105,-2.490780830383301
15.79797649383545,0.009749066746447375,0.012846897356212139,-0.003097830609764764,13.826044082641602,-2.4910717010498047
15.83127760887146,0.00974073387340157,0.012154096737504005,-0.002413362864102436,13.864327430725098,-2.491417169570923
15.864620447158813,0.01064495003328395,0.011678779497742653,-0.0010338294644587024,13.8873929977417,-2.4916181564331055
15.898037195205688,0.008725401445139898,0.011018305085599422,-0.0022929036404595246,13.918219566345215,-2.4918735027313232
15.931291103363037,0.00894515548991955,0.010177193209528923,-0.0012320377196093739,13.956865310668945,-2.4922075271606445
15.964611053466797,0.00894515548991955,0.00948663242161274,-0.0005414769316931904,13.98791217803955,-2.4924256801605225
15.998003005981445,0.005969153102335569,0.008746765553951263,-0.002777612451615694,14.019102096557617,-2.492642402648926
16.031282424926758,0.004673369488409279,0.007771898992359638,-0.003098529503950359,14.058267593383789,-2.492893934249878
16.064611673355103,0.001986774964484692,0.007187448907643557,-0.005200673943158865,14.081853866577148,-2.493062734603882
16.098049640655518,2.5682928683842613e-11,0.006418238859623671,-0.006418238833940742,14.11336898803711,-2.493229866027832
16.131263256072998,-0.0021289900327655735,0.005454830825328827,-0.007583820858094401,14.152841567993164,-2.493351936340332
16.16462516784668,-0.004254741359975612,0.004698882345110178,-0.00895362370508579,14.184423446655273,-2.493422508239746
16.197953701019287,-0.006557514474563102,0.003950232639908791,-0.010507747114471892,14.21599006652832,-2.4935240745544434
16.231266021728516,-0.011511222319614498,0.0030563536565750837,-0.014567575976189582,14.255424499511719,-2.493621349334717
16.26462697982788,-0.015323921324711429,0.0025674900971353054,-0.017891411421846734,14.279074668884277,-2.4936976432800293
16.297955751419067,-0.017967175579510036,0.0019492667634040117,-0.019916442342914047,14.31063461303711,-2.4937973022460938
16.331268548965454,-0.02088267233709214,0.001225914340466261,-0.0221085866775584,14.3501615524292,-2.4939355850219727
16.36461305618286,-0.025528448184800896,0.0006856026011519134,-0.02621405078595281,14.381845474243164,-2.4940364360809326
16.398003101348877,-0.026514996432109583,0.00016076499014161527,-0.0266757614222512,14.41358470916748,-2.4941093921661377
16.43126606941223,-0.026674743121690388,-0.0003414736711420119,-0.026333269450548376,14.445374488830566,-2.4941670894622803
16.464730978012085,-0.029783189578016206,-0.0008502451237291098,-0.028932944454287096,14.4772310256958,-2.494265079498291
16.497951984405518,-0.03193485011831306,-0.0013629351742565632,-0.0305719149440565,14.509149551391602,-2.4943878650665283
16.53131079673767,-0.03204560960311207,-0.0019774860702455044,-0.030068123532866566,14.549156188964844,-2.494548797607422
16.56464672088623,-0.03403793090063521,-0.0024141655303537846,-0.03162376537028143,14.581281661987305,-2.4947025775909424
16.598084211349487,-0.03361976631996627,-0.00279846228659153,-0.03082130403337474,14.613532066345215,-2.4948644638061523
16.631285190582275,-0.032775489907325706,-0.0030546383932232857,-0.02972085151410242,14.637789726257324,-2.4949584007263184
16.664597988128662,-0.03241083812529813,-0.0034013865515589714,-0.02900945157373916,14.67830753326416,-2.4949898719787598
16.69794201850891,-0.030749414846034273,-0.003571760840713978,-0.027177654005320295,14.710769653320312,-2.494964599609375
16.731269598007202,-0.029783189546164254,-0.003651856677606702,-0.026131332868557552,14.743241310119629,-2.4948768615722656
16.764822959899902,-0.026535335085571043,-0.0036612232215702534,-0.02287411186400079,14.775708198547363,-2.494737386703491
16.797940731048584,-0.023857137619387705,-0.0035953554324805737,-0.02026178218690713,14.81624698638916,-2.4945497512817383
16.83127760887146,-0.022218665421315224,-0.003551777685061097,-0.018666887736254127,14.84054183959961,-2.4944658279418945
16.864697694778442,-0.019584020593895978,-0.0035231353249400854,-0.016060885268955893,14.87293529510498,-2.4943861961364746
16.897948026657104,-0.016654089524598792,-0.0035434584133327007,-0.013110631111266091,14.913416862487793,-2.494389057159424
16.931275367736816,-0.013690099662205791,-0.003594309324398637,-0.010095790337807154,14.945752143859863,-2.4944519996643066
16.964768171310425,-0.010644950034056353,-0.003678042208775878,-0.0069669078252804755,14.978023529052734,-2.494490623474121
16.99793839454651,-0.00922313857062371,-0.003826842410489917,-0.0053962961601337935,15.0182466506958,-2.4946625232696533
17.031269073486328,-0.007393533822263071,-0.0039399475790560246,-0.0034535862432070463,15.042325019836426,-2.494860887527466
17.064630031585693,-0.006802109828195405,-0.0041175344958901405,-0.0026845753323052647,15.074419021606445,-2.495107889175415
17.09793734550476,-0.006802109828195405,-0.004397551994770765,-0.00240455783342464,15.114571571350098,-2.495359420776367
17.131266832351685,-0.006787099005590829,-0.004706559702754021,-0.002080539302836808,15.146772384643555,-2.4955265522003174
17.164623975753784,-0.006787099005590829,-0.0050741457380354404,-0.0017129532675553881,15.179047584533691,-2.4956750869750977
17.197935104370117,-0.003906461843295828,-0.005578058306127787,0.0016715964628319585,15.21943473815918,-2.4958438873291016
17.231271505355835,-0.0050009072811048015,-0.005871584638953209,0.0008706773578484074,15.243634223937988,-2.495901584625244
17.264622688293457,-0.0032786772985448896,-0.006258704233914614,0.002980026935369724,15.27584457397461,-2.4959702491760254
17.297933101654053,-0.005032937006644207,-0.006768377032130957,0.0017354400254867494,15.316015243530273,-2.495988130569458
17.33126950263977,-0.005037304210624632,-0.007218912709504366,0.002181608498879734,15.348068237304688,-2.495894432067871
17.364606142044067,-0.005655307353649281,-0.007668337319046259,0.002013029965396978,15.380071640014648,-2.495745897293091
17.397890329360962,-0.008273190212451355,-0.008013350889086723,-0.0002598393233646315,15.404031753540039,-2.495603084564209
17.4312686920166,-0.012856046936300493,-0.008689885027706623,-0.00416616190859387,15.443864822387695,-2.4952688217163086
17.46461796760559,-0.013582222810567651,-0.00936922151595354,-0.00421300129461411,15.475632667541504,-2.4949193000793457
17.49794316291809,-0.01593945648356796,-0.010098272003233433,-0.005841184480334528,15.507293701171875,-2.4945414066314697
17.531269550323486,-0.01940733597644114,-0.01101655326783657,-0.00839078270860457,15.546687126159668,-2.4940414428710938
17.564680814743042,-0.02211890670930778,-0.011735791340470314,-0.010383115368837466,15.578031539916992,-2.4936296939849854
17.597940921783447,-0.026396858232691906,-0.01228301040828228,-0.014113847824409626,15.601441383361816,-2.493295192718506
17.63129758834839,-0.030585848353919507,-0.013011259958148003,-0.017574588395771504,15.632567405700684,-2.492821455001831
17.66467308998108,-0.03306070147489428,-0.013905322179198265,-0.019155379295696016,15.671430587768555,-2.4921135902404785
17.698078155517578,-0.03512351494884664,-0.01457283180207014,-0.0205506831467765,15.702544212341309,-2.4913766384124756
17.731277465820312,-0.03730613646110758,-0.01515211071819067,-0.02215402574291691,15.733705520629883,-2.4905431270599365
17.764617443084717,-0.037303447037015755,-0.015757011249661446,-0.02154643578735431,15.772708892822266,-2.4894514083862305
17.797948360443115,-0.03931185153894684,-0.016067489981651306,-0.023244361557295534,15.796189308166504,-2.4887876510620117
17.83128333091736,-0.03932205526444158,-0.016444850713014603,-0.02287720455142698,15.827592849731445,-2.4879307746887207
17.864757776260376,-0.039017171298749535,-0.016870830208063126,-0.02214634109068641,15.867035865783691,-2.486889600753784
17.898000717163086,-0.03619283013678208,-0.017154661938548088,-0.019038168198233993,15.898773193359375,-2.4861440658569336
17.9312846660614,-0.03619283013678208,-0.01742391847074032,-0.018768911666041763,15.930635452270508,-2.485553503036499
17.964699506759644,-0.033716453949670974,-0.017699074000120163,-0.01601737994955081,15.970577239990234,-2.4849441051483154
17.997960805892944,-0.030763643399093533,-0.017817946150898933,-0.0129456972481946,15.994608879089355,-2.4846062660217285
18.031301975250244,-0.028045715124334028,-0.017932970076799393,-0.010112745047534635,16.02664566040039,-2.484199285507202
18.064603090286255,-0.02453767781453572,-0.01805397868156433,-0.00648369913297139,16.066696166992188,-2.4837260246276855
18.09795069694519,-0.022255133930686417,-0.018179932609200478,-0.004075201321485939,16.09873390197754,-2.483458995819092
18.131298303604126,-0.019160910062950107,-0.01834728568792343,-0.0008136243750266753,16.130748748779297,-2.483231782913208
18.164639472961426,-0.017967175579510036,-0.018559060990810394,0.0005918854113003587,16.162763595581055,-2.483060359954834
18.197941541671753,-0.018953667249971985,-0.01881648413836956,-0.00013718311160242427,16.194835662841797,-2.4828813076019287
18.231316089630127,-0.015812835164633044,-0.019124940037727356,0.003312104873094312,16.22702980041504,-2.482673168182373
18.26461434364319,-0.013617928510238839,-0.019570553675293922,0.005952625165055084,16.267486572265625,-2.482383966445923
18.297943353652954,-0.014678809984796799,-0.0199640691280365,0.0052852591432397,16.300064086914062,-2.4821388721466064
18.331279516220093,-0.013635263993061026,-0.02042580023407936,0.006790536241018335,16.33285903930664,-2.4818997383117676
18.364563465118408,-0.012264906140411362,-0.02110902965068817,0.00884412351027681,16.374061584472656,-2.481668710708618
18.397972583770752,-0.009402678546817,-0.021605120971798897,0.012202442424981896,16.398866653442383,-2.4815495014190674
18.43129277229309,-0.009421737582362788,-0.022348301485180855,0.012926563902818067,16.431976318359375,-2.4813966751098633
18.464629888534546,-0.008437396460276908,-0.023137187585234642,0.014699791124957734,16.46514320373535,-2.481255292892456
18.497958421707153,-0.012828675224908685,-0.024075694382190704,0.01124701915728202,16.506671905517578,-2.4811348915100098
18.53130078315735,-0.01269990140459144,-0.024734996259212494,0.012035094854621054,16.53994369506836,-2.48115611076355
18.56463646888733,-0.014696793703123292,-0.025210637599229813,0.01051384389610652,16.56487464904785,-2.4812259674072266
18.597946405410767,-0.015225913894595747,-0.026077084243297577,0.01085117034870183,16.61474609375,-2.481455087661743
18.631301641464233,-0.018963723217861918,-0.026423631235957146,0.007459908018095228,16.639707565307617,-2.481626510620117
18.66464138031006,-0.020290811465463698,-0.02686317451298237,0.006572363047518671,16.672945022583008,-2.481938123703003
18.697997093200684,-0.02375104747810588,-0.02720234915614128,0.0034513016780354025,16.70615577697754,-2.482248306274414
18.73127818107605,-0.029252426911348144,-0.02750067226588726,-0.0017517546454608839,16.747583389282227,-2.482609987258911
18.76464533805847,-0.032291916820650246,-0.027617087587714195,-0.004674829232936051,16.77237319946289,-2.4828410148620605
18.798003435134888,-0.03656131644405286,-0.027716992422938347,-0.008844324021114514,16.805355072021484,-2.483147621154785
18.831306219100952,-0.042698308012125284,-0.02772730030119419,-0.014971007710931093,16.84645652770996,-2.483485221862793
18.864635229110718,-0.045104619787795515,-0.027613207697868347,-0.017491412089927168,16.879234313964844,-2.483691930770874
18.89797592163086,-0.05122026159440915,-0.027363495901226997,-0.023856765693182153,16.911958694458008,-2.483909845352173
18.931277751922607,-0.05364646389298436,-0.02686266414821148,-0.02678379974477288,16.952791213989258,-2.48409104347229
18.964627265930176,-0.0565759851393558,-0.02644721046090126,-0.03012877467845454,16.977283477783203,-2.484142780303955
18.997994661331177,-0.06162576185464981,-0.025787509977817535,-0.035838251876832275,17.00998306274414,-2.484166145324707
19.031274557113647,-0.06162576185464981,-0.024786263704299927,-0.036839498150349884,17.050901412963867,-2.4841344356536865
19.064618587493896,-0.05968015208377896,-0.02390877716243267,-0.03577137492134629,17.083667755126953,-2.484084129333496
19.09801483154297,-0.06084755115622872,-0.023180771619081497,-0.03766677953714722,17.108253479003906,-2.4840707778930664
19.131304502487183,-0.05864287435686354,-0.02157413400709629,-0.03706874034976725,17.15746307373047,-2.4841203689575195
19.16461706161499,-0.05615770318742786,-0.020741786807775497,-0.035415916379652364,17.18210792541504,-2.4841995239257812
19.19797420501709,-0.05113459928378794,-0.0196060873568058,-0.03152851192698214,17.21495819091797,-2.4843342304229736
19.23122525215149,-0.04723858825164207,-0.018185706809163094,-0.02905288144247898,17.256025314331055,-2.4846031665802
19.264617681503296,-0.04059086294214954,-0.017071794718503952,-0.023519068223645585,17.288894653320312,-2.4849071502685547
19.297974824905396,-0.033103490610742164,-0.015958698466420174,-0.01714479214432199,17.321748733520508,-2.485245704650879
19.331332206726074,-0.027001041870850537,-0.015150900930166245,-0.011850140940684293,17.34639549255371,-2.485532283782959
19.36460542678833,-0.017399820331094076,-0.013555229641497135,-0.0038445906895969405,17.39557647705078,-2.4862112998962402
19.39795184135437,-0.011897318632222513,-0.0128172617405653,0.0009199431083427873,17.420120239257812,-2.4866385459899902
19.43132710456848,-0.0021455473669898025,-0.01192390825599432,0.009778360889004517,17.452754974365234,-2.487226724624634
19.464648723602295,0.005739075115455557,-0.01092220563441515,0.016661280749870708,17.49344253540039,-2.488018035888672
19.498079299926758,0.01155458729983329,-0.01041513029485941,0.021969717594692698,17.517824172973633,-2.4885544776916504
19.53130054473877,0.01620686635891824,-0.009869259782135487,0.026076126141053726,17.55027198791504,-2.489260196685791
19.564653158187866,0.023601020654101974,-0.00950239785015583,0.033103418504257805,17.582624435424805,-2.489948034286499
19.597962141036987,0.027082180944319335,-0.009384599514305592,0.03646678045862493,17.62294578552246,-2.4907774925231934
19.631332874298096,0.029085070420145343,-0.009552126750349998,0.03863719717049534,17.655092239379883,-2.491447925567627
19.66464877128601,0.03156982439446185,-0.009964272379875183,0.04153409677433703,17.687219619750977,-2.4921250343322754
19.697954416275024,0.029801771463623426,-0.01080164685845375,0.04060341832207717,17.727384567260742,-2.4929916858673096
19.73133397102356,0.02723625671945303,-0.011468252167105675,0.0387045088865587,17.751535415649414,-2.4934847354888916
19.76469111442566,0.023601020653996403,-0.012472933158278465,0.036073953812274864,17.783796310424805,-2.4941070079803467
19.79794669151306,0.021472085572760743,-0.013920553028583527,0.03539263860134427,17.8242130279541,-2.4947900772094727
19.831300258636475,0.01582825793982015,-0.015253901481628418,0.03108215942144857,17.856645584106445,-2.495258092880249
19.86469531059265,0.014180012002717983,-0.016756024211645126,0.03093603621436311,17.88918113708496,-2.4956064224243164
19.897987127304077,0.010025435595438186,-0.01875869557261467,0.028784131168052854,17.929855346679688,-2.495927095413208
19.931286573410034,0.010025435595438186,-0.020037630572915077,0.03006306616835326,17.9542293548584,-2.49605655670166
19.96465516090393,-0.0028852408701172142,-0.021795758977532387,0.01891051810741517,17.986661911010742,-2.4962096214294434
19.997947216033936,-0.008588834291427216,-0.02401713840663433,0.015428304115207115,18.027101516723633,-2.4963667392730713
20.031320571899414,-0.015798479677922857,-0.025788675993680954,0.009990196315758097,18.059329986572266,-2.4964189529418945
20.064647912979126,-0.02353736020895356,-0.027055861428380013,0.003518501219426453,18.08346939086914,-2.496455192565918
20.09793782234192,-0.030223759223013718,-0.02900075539946556,-0.001223003823548157,18.123638153076172,-2.496607542037964
20.131305694580078,-0.035523007601075914,-0.03042556531727314,-0.005097442283802774,18.15574836730957,-2.4967432022094727
20.164691925048828,-0.035523007601075914,-0.03172481060028076,-0.003798197000795152,18.18781089782715,-2.4968881607055664
20.197985649108887,-0.035523007601075914,-0.033152129501104355,-0.0023708780999715587,18.227861404418945,-2.4969682693481445
20.231276035308838,-0.052696479959773446,-0.03405313938856125,-0.018643340571212197,18.259897232055664,-2.4969890117645264
20.264753580093384,-0.056997804628190624,-0.03471805900335312,-0.022279745624837505,18.291894912719727,-2.4969351291656494
20.298115253448486,-0.056997804628190624,-0.035051360726356506,-0.021946443901834117,18.315879821777344,-2.4968652725219727
20.331270933151245,-0.062220872861943326,-0.035377293825149536,-0.02684357903679379,18.355770111083984,-2.496737241744995
20.364680528640747,-0.062220872857598385,-0.035407405346632004,-0.02681346751096638,18.38763427734375,-2.496567964553833
20.398096084594727,-0.059354038735419466,-0.035231973975896835,-0.02412206475952263,18.419469833374023,-2.496375799179077
20.43154287338257,-0.06036231912447909,-0.034782156348228455,-0.025580162776250637,18.4592227935791,-2.49607253074646
20.464694499969482,-0.05897956609828987,-0.034374821931123734,-0.02460474416716614,18.48307991027832,-2.495877504348755
20.498066663742065,-0.057929778135587966,-0.03370777145028114,-0.024222006685306822,18.514925003051758,-2.4955852031707764
20.531359434127808,-0.057929778135587966,-0.03294248506426811,-0.024987293071319853,18.546823501586914,-2.495265007019043
20.56478261947632,-0.057929778135587966,-0.03183630853891373,-0.02609346959667424,18.586822509765625,-2.4948902130126953
20.598018407821655,-0.04913166026182842,-0.030810851603746414,-0.018320808658082006,18.61894989013672,-2.4946234226226807
20.631412744522095,-0.04505649407088815,-0.029675869271159172,-0.01538062479972898,18.651212692260742,-2.4943554401397705
20.664674282073975,-0.04076539941286886,-0.028143202885985374,-0.012622196526883483,18.69161605834961,-2.49397349357605
20.69802713394165,-0.03370406832534566,-0.02717595547437668,-0.006528112850968978,18.71586036682129,-2.493736505508423
20.731390714645386,-0.028858349772696773,-0.0258476659655571,-0.0030106838071396747,18.74821662902832,-2.4934444427490234
20.764639139175415,-0.022258674439553806,-0.024166561663150787,0.0019078872235969817,18.78870964050293,-2.493194341659546
20.798057556152344,-0.01717766845056089,-0.02290656603872776,0.0057288975881668695,18.821130752563477,-2.493093490600586
20.831438064575195,-0.011596926772519873,-0.022028133273124695,0.010431206500604822,18.84552574157715,-2.4930620193481445
20.864657878875732,-0.00959081927446516,-0.020652852952480316,0.011062033678015157,18.886289596557617,-2.4930591583251953
20.898037672042847,-0.004053736849134555,-0.0197148434817791,0.015661106632644542,18.91901206970215,-2.493014097213745
20.931427001953125,0.00025097533745606175,-0.018877912312746048,0.019128887650202108,18.951868057250977,-2.4929521083831787
20.964656114578247,0.0045572083066073524,-0.01799660734832287,0.02255381565493022,18.993061065673828,-2.492868661880493
20.997963190078735,0.0064366419567848205,-0.01747060939669609,0.023907251353480912,19.026107788085938,-2.492795705795288
21.031373262405396,0.007590227842968859,-0.017096728086471558,0.024686955929440417,19.059215545654297,-2.4926869869232178
21.064622163772583,0.007595329322000032,-0.016789477318525314,0.024384806640525346,19.092370986938477,-2.4925858974456787
21.097994804382324,0.010865427415860827,-0.016544979065656662,0.02741040648151749,19.12556266784668,-2.4924747943878174
21.13136649131775,0.007612669910016544,-0.01635436899960041,0.023967038909616954,19.15872573852539,-2.492419719696045
21.16466236114502,0.007612669910016544,-0.01621401309967041,0.023826683009686954,19.20009994506836,-2.4924652576446533
21.197998046875,0.010050469208894996,-0.016190478578209877,0.026240947787104875,19.233097076416016,-2.4925668239593506
21.231501579284668,0.010868356601629166,-0.016186824068427086,0.02705518067005625,19.257734298706055,-2.4926655292510986
21.264761209487915,0.008859889244051821,-0.016219856217503548,0.02507974546155537,19.2904052734375,-2.4928033351898193
21.2979474067688,0.008588834221487214,-0.01634260267019272,0.024931436891679933,19.330961227416992,-2.4929585456848145
21.331778287887573,0.006354346655955457,-0.016528770327568054,0.02288311698352351,19.363161087036133,-2.4930410385131836
21.365326404571533,0.005446585649198949,-0.016813848167657852,0.0222604338168568,19.395130157470703,-2.493119478225708
21.397935390472412,0.00024977398435264796,-0.01726764254271984,0.017517416527072487,19.43475914001465,-2.4932403564453125
21.431332111358643,-0.004055374263683619,-0.017561255022883415,0.013505880759199796,19.45840072631836,-2.49326753616333
21.464900732040405,-0.007180733800730885,-0.017997127026319504,0.010816393225588618,19.489736557006836,-2.4933390617370605
21.49811363220215,-0.011765811446161352,-0.018462806940078735,0.006696995493917383,19.520946502685547,-2.4934346675872803
21.53137731552124,-0.014948842609844719,-0.019030364230275154,0.004081521620430436,19.559833526611328,-2.493598461151123
21.564794540405273,-0.021271771262997674,-0.019472621381282806,-0.0017991498817148677,19.590904235839844,-2.4937334060668945
21.59833812713623,-0.020699927349414515,-0.019767366349697113,-0.0009325609997174016,19.614179611206055,-2.493821620941162
21.631426095962524,-0.02180428270959017,-0.020182453095912933,-0.0016218296136772357,19.652935028076172,-2.493960380554199
21.66485047340393,-0.02180766567504646,-0.02047550305724144,-0.0013321626178050203,19.683923721313477,-2.4941344261169434
21.698703289031982,-0.021811208374289584,-0.020788783207535744,-0.0010224251667538403,19.714941024780273,-2.494412660598755
21.731342554092407,-0.020737377611999674,-0.021155627444386482,0.0004182498323868078,19.753707885742188,-2.49480938911438
21.764776706695557,-0.01926123687176183,-0.021398035809397697,0.002136798937635867,19.784732818603516,-2.4951717853546143
21.79811143875122,-0.01926372763231861,-0.0215902179479599,0.0023264903156412914,19.815780639648438,-2.49552845954895
21.831642389297485,-0.017522692697717047,-0.021691350266337395,0.004168657568620348,19.8468017578125,-2.49597430229187
21.864716053009033,-0.014960864935999447,-0.021740281954407692,0.006779417018408245,19.877771377563477,-2.496471405029297
21.898101329803467,-0.01266624672213164,-0.02174023911356926,0.00907399239143762,19.908750534057617,-2.4970099925994873
21.931936979293823,-0.00864474665369353,-0.02181151881814003,0.0131667721644465,19.94753074645996,-2.497767686843872
21.965120315551758,-0.005453139613577408,-0.021881066262722015,0.01642792664914461,19.978561401367188,-2.498396158218384
21.99811601638794,-0.0040566210008450045,-0.021965987980365753,0.01790936697952075,20.009613037109375,-2.499009847640991
22.03124475479126,-0.0022036035003336887,-0.022055087611079216,0.019851484110745526,20.040664672851562,-2.499685764312744
22.06482768058777,0.0022617482248001282,-0.02216424234211445,0.024425990566914576,20.07170295715332,-2.500425100326538
22.098176956176758,0.006565442390741819,-0.022359449416399002,0.02892489180714082,20.102672576904297,-2.5012025833129883
22.131362676620483,0.004552404455339464,-0.02278018556535244,0.027332590020691903,20.1412410736084,-2.502243757247925
22.164640426635742,0.0045526696971041536,-0.02321760542690754,0.027770275124011694,20.17197608947754,-2.5030934810638428
22.198333740234375,0.0045531480119826735,-0.023568131029605865,0.028121279041588537,20.194988250732422,-2.5037436485290527
22.231456756591797,0.004553840389754153,-0.024027571082115173,0.028581411471869326,20.2255916595459,-2.5046355724334717
22.264615774154663,0.0020979556077504757,-0.024635950103402138,0.026733905711152615,20.263858795166016,-2.5056092739105225
22.298062086105347,0.003997136462898763,-0.02513229101896286,0.029129427481861623,20.294506072998047,-2.5062761306762695
22.33146643638611,0.001370226517754569,-0.02562427707016468,0.02699450358791925,20.325220108032227,-2.5069098472595215
22.36508345603943,0.00024982576450636627,-0.02615334652364254,0.026403172288148907,20.363679885864258,-2.5076515674591064
22.39808988571167,-0.002145547380166651,-0.026456687599420547,0.024311140219253895,20.386775970458984,-2.508104085922241
22.431350469589233,-0.004054903698326568,-0.02686896361410618,0.02281405991577961,20.41761016845703,-2.5086827278137207
22.46505904197693,-0.004616820361586961,-0.02731422893702984,0.022697408575442876,20.448482513427734,-2.5091943740844727
22.498804569244385,-0.006353793357968115,-0.027914006263017654,0.021560212905049538,20.487140655517578,-2.5097153186798096
22.531375646591187,-0.008919856081424215,-0.02838204801082611,0.019462191929401896,20.518077850341797,-2.5100855827331543
22.564696073532104,-0.012665660546151364,-0.028780687600374222,0.01611502705422286,20.549026489257812,-2.5104501247406006
22.59809708595276,-0.010661648781816278,-0.029095323756337166,0.018433674974520888,20.5799560546875,-2.51078724861145
22.631442546844482,-0.0145139279891239,-0.029340429231524467,0.014826501242400567,20.618619918823242,-2.511077880859375
22.664711236953735,-0.015763297716722947,-0.029419774189591408,0.01365647647286846,20.641830444335938,-2.5112080574035645
22.69797682762146,-0.01696997795728201,-0.02936462312936783,0.012394645172085817,20.68053436279297,-2.5113728046417236
22.731446027755737,-0.01696997795728201,-0.029196273535490036,0.012226295578208025,20.711538314819336,-2.511451005935669
22.764732122421265,-0.018983671757139033,-0.029002120718359947,0.010018448961220915,20.73479652404785,-2.5114715099334717
22.797945261001587,-0.018983671757139033,-0.028603896498680115,0.009620224741541082,20.773622512817383,-2.511505126953125
22.831270933151245,-0.023601020654217965,-0.028344225138425827,0.004743204484207862,20.804718017578125,-2.511475086212158
22.864749670028687,-0.023601020654217965,-0.028158197179436684,0.004557176525218719,20.83586311340332,-2.511439323425293
22.8979549407959,-0.023592343763220995,-0.028042513877153397,0.0044501701139324015,20.874921798706055,-2.511406183242798
22.93128776550293,-0.024581315109202806,-0.027967937290668488,0.0033866221814656816,20.90625762939453,-2.511462450027466
22.964608669281006,-0.0236010206545214,-0.027911143377423286,0.004310122722901887,20.929828643798828,-2.5115482807159424
22.998072385787964,-0.0236010206545214,-0.02783161588013172,0.004230595225610322,20.977256774902344,-2.5118024349212646
23.031291246414185,-0.021897836323440393,-0.02776971086859703,0.005871874545156638,21.001079559326172,-2.511967420578003
23.064756155014038,-0.01930992598331839,-0.027686145156621933,0.008376219173303542,21.03293800354004,-2.5122299194335938
23.097934007644653,-0.013761782010243856,-0.027654588222503662,0.013892806212259806,21.072858810424805,-2.512576103210449
23.13129162788391,-0.013761782010243856,-0.027657324448227882,0.013895542437984026,21.104873657226562,-2.5128703117370605
23.164693593978882,-0.010727736656964141,-0.02768436074256897,0.01695662408560483,21.12895393371582,-2.5130743980407715
23.198076009750366,-0.006436641997876312,-0.02777782455086708,0.021341182552990768,21.161203384399414,-2.513338804244995
23.231266736984253,0.002145547349312859,-0.028043068945407867,0.030188616294720725,21.201688766479492,-2.5137431621551514
23.26473879814148,0.002145547349312859,-0.028349684551358223,0.03049523190067108,21.234241485595703,-2.5141026973724365
23.297974109649658,0.007248288116500641,-0.02878563106060028,0.03603391917710092,21.26695442199707,-2.5144827365875244
23.331264972686768,0.011939546772191258,-0.029494214802980423,0.04143376157517168,21.308002471923828,-2.5149922370910645
23.364604473114014,0.01520538119557625,-0.030016077682375908,0.04522145887795216,21.332693099975586,-2.515300989151001
23.39803433418274,0.01520538119557625,-0.03078354522585869,0.04598892642143494,21.365692138671875,-2.515643835067749
23.431273460388184,0.022541031366776106,-0.03181106597185135,0.054352097338627454,21.406986236572266,-2.515991449356079
23.464632272720337,0.02252548657638852,-0.03263809531927109,0.055163581895659605,21.4400691986084,-2.5161733627319336
23.497944116592407,0.025462086911709262,-0.03350535407662392,0.058967440988333175,21.473142623901367,-2.5163326263427734
23.53144073486328,0.025462086911709262,-0.03418726846575737,0.05964935537746663,21.497901916503906,-2.51642107963562
23.564706087112427,0.028975810280916833,-0.035611435770988464,0.0645872460519053,21.547243118286133,-2.5164997577667236
23.597944259643555,0.029099027506023705,-0.036374546587467194,0.0654735740934909,21.571815490722656,-2.5165109634399414
23.63128113746643,0.027892115336621823,-0.03733765706419945,0.06522977240082127,21.604427337646484,-2.516483783721924
23.664628267288208,0.027892115336621823,-0.03844941407442093,0.06634152941104275,21.644947052001953,-2.516188859939575
23.697946310043335,0.019309925979713694,-0.0392826683819294,0.05859259436164309,21.67724609375,-2.515814781188965
23.731644868850708,0.019309925979713694,-0.03987741470336914,0.05918734068308283,21.701419830322266,-2.515414237976074
23.764659643173218,0.013929404372767596,-0.04096364602446556,0.054893050397233155,21.749658584594727,-2.5144386291503906
23.797999620437622,0.009626034077052958,-0.041462577879428864,0.05108861195648182,21.77375602722168,-2.5139153003692627
23.831268548965454,-0.0018896905616509684,-0.04206777364015579,0.040178083078504824,21.805816650390625,-2.513212203979492
23.8646297454834,-0.006704203944560219,-0.042760033160448074,0.036055829215887854,21.845806121826172,-2.512352228164673
23.897937536239624,-0.015018831350297376,-0.04327280446887016,0.028253973118572785,21.877758026123047,-2.5116512775421143
23.93166160583496,-0.02563535000376554,-0.043751101940870285,0.018115751937104744,21.909706115722656,-2.510986089706421
23.964618682861328,-0.03079231712372534,-0.04407293349504471,0.01328061637131937,21.933650970458984,-2.5105412006378174
23.997961044311523,-0.03079231712372534,-0.044472601264715195,0.013680284140989856,21.973535537719727,-2.509880304336548
24.03127384185791,-0.045832497038120236,-0.04456346109509468,-0.0012690359430255552,22.005409240722656,-2.509361743927002
24.06511926651001,-0.05439117591581956,-0.0443834587931633,-0.01000771712265626,22.0372371673584,-2.5088753700256348
24.09793996810913,-0.05974579695003837,-0.04376349598169327,-0.015982300968345103,22.07691192626953,-2.5083208084106445
24.131267547607422,-0.05967130181232577,-0.043229103088378906,-0.016442198723946866,22.100664138793945,-2.507995843887329
24.164620637893677,-0.06342459995484737,-0.0422639325261116,-0.021160667428735763,22.132259368896484,-2.507566213607788
24.19793200492859,-0.06339208196388604,-0.04063885286450386,-0.022753229099382183,22.171586990356445,-2.507061243057251
24.231276750564575,-0.06218003541219218,-0.03907006233930588,-0.0231099730728863,22.20293426513672,-2.506657600402832
24.264714241027832,-0.058626174601005575,-0.037224724888801575,-0.021401449712204,22.234142303466797,-2.5062296390533447
24.29793357849121,-0.054362023571539846,-0.03448837995529175,-0.019873643616248098,22.273014068603516,-2.5056955814361572
24.33128070831299,-0.04685229282923349,-0.03260742872953415,-0.014244864099699342,22.296247482299805,-2.5054092407226562
24.364635229110718,-0.0415682466296942,-0.02984154410660267,-0.011726702523091534,22.327116012573242,-2.505014419555664
24.398062229156494,-0.03403793090137386,-0.026152903214097023,-0.007885027687276835,22.36558723449707,-2.504516839981079
24.431273698806763,-0.02323151874274761,-0.023078810423612595,-0.00015270831913501495,22.396390914916992,-2.5041134357452393
24.464611768722534,-0.010993861031015425,-0.019922111183404922,0.008928250152389497,22.427255630493164,-2.5036838054656982
24.49809241294861,-0.000844340431323127,-0.01754428818821907,0.016699947756895945,22.450471878051758,-2.503345489501953
24.531269311904907,0.0066650126108356335,-0.01358846016228199,0.020253472773117624,22.48935890197754,-2.5027568340301514
24.56460428237915,0.0171429466295453,-0.01051027700304985,0.02765322363259515,22.5206298828125,-2.5023608207702637
24.59807562828064,0.02478007931500406,-0.007514799013733864,0.032294878328737925,22.552061080932617,-2.5020458698272705
24.631282806396484,0.033331406961629645,-0.003979063127189875,0.03731047008881952,22.591602325439453,-2.5017824172973633
24.66460943222046,0.0365892966087993,-0.0013589716982096434,0.037948268307008946,22.6234073638916,-2.5016303062438965
24.698018074035645,0.04193498380468892,0.0010711877839639783,0.04086379602072494,22.655376434326172,-2.5014634132385254
24.731269598007202,0.04619410519341328,0.0037997160106897354,0.04239438918272354,22.695514678955078,-2.501293659210205
24.76460909843445,0.05042165570660757,0.005252482369542122,0.045169173337065445,22.719646453857422,-2.501220464706421
24.798073053359985,0.049422351203073395,0.006987620145082474,0.04243473105799092,22.751842498779297,-2.501152515411377
24.83126950263977,0.046218314237461235,0.008866198360919952,0.03735211587654128,22.792150497436523,-2.501098155975342
24.864748239517212,0.042547413638353494,0.010124732740223408,0.032422680898130087,22.824493408203125,-2.501082181930542
24.897944927215576,0.03770038839285855,0.011168601922690868,0.026531786470167684,22.856952667236328,-2.501049041748047
24.931267738342285,0.03759836480245204,0.012243798933923244,0.025354565868528793,22.897706985473633,-2.500932216644287
24.96473526954651,0.034037930899955424,0.012788081541657448,0.021249849358297976,22.92226791381836,-2.5008485317230225
24.99807906150818,0.02914718469992327,0.013415267691016197,0.015731917008907075,22.95517349243164,-2.5008251667022705
25.031278133392334,0.02907289148756561,0.013964302837848663,0.015108588649716946,22.98830223083496,-2.5008089542388916
25.064599752426147,0.025528448210219493,0.014633499085903168,0.010894949124316326,23.029977798461914,-2.5006918907165527
25.097947597503662,0.023737717747062383,0.015041479840874672,0.00869623790618771,23.055091857910156,-2.5006062984466553
25.13127303123474,0.02126611973913704,0.01559542492032051,0.005670694818816529,23.08867073059082,-2.5004749298095703
25.164615631103516,0.019455253410214875,0.016090570017695427,0.0033646833925194478,23.122283935546875,-2.5003483295440674
25.197938680648804,0.017728848106401164,0.016590261831879616,0.0011385862745215483,23.164167404174805,-2.500138282775879
25.231276750564575,0.017027487078479692,0.0169212706387043,0.00010621643977539244,23.197494506835938,-2.4999046325683594
25.264616012573242,0.016278622408234113,0.017258308827877045,-0.000979686419642932,23.230588912963867,-2.4995970726013184
25.297938346862793,0.013483740042215538,0.01780250482261181,-0.004318764780396271,23.27152442932129,-2.4991981983184814
25.33127212524414,0.012764224058495229,0.018203921616077423,-0.005439697557582194,23.29585075378418,-2.4989614486694336
25.36463761329651,0.012764224058495229,0.01885591819882393,-0.0060916941403287,23.3279972076416,-2.4986438751220703
25.397945880889893,0.012764224066175037,0.019817866384983063,-0.007053642318808026,23.367755889892578,-2.4982593059539795
25.431275606155396,0.015073712413578204,0.02061944268643856,-0.005545730272860356,23.399276733398438,-2.4979498386383057
25.464617490768433,0.015073712413578204,0.02121145650744438,-0.0061377440938661775,23.422809600830078,-2.4977400302886963
25.497939586639404,0.017018965403463007,0.022111600264906883,-0.005092634861443877,23.461835861206055,-2.4973647594451904
25.531274557113647,0.0163240955855425,0.02275404892861843,-0.006429953343075931,23.492921829223633,-2.4971673488616943
25.564617395401,0.016307099986943033,0.023310350254178047,-0.007003250267235014,23.523935317993164,-2.4970450401306152
25.598020315170288,0.016307099986943033,0.023887133225798607,-0.007580033238855574,23.56265640258789,-2.496866464614868
25.631271362304688,0.01797909532317494,0.024278979748487473,-0.006299884425312534,23.59364891052246,-2.4967410564422607
25.66462802886963,0.02142607799626968,0.02461119554936886,-0.0031851175530991788,23.624723434448242,-2.4965717792510986
25.69796085357666,0.021256556155620908,0.02492550201714039,-0.0036689458615194806,23.66376304626465,-2.496460199356079
25.731273651123047,0.02269753840812432,0.025059234350919724,-0.0023616959427954047,23.68729019165039,-2.496434211730957
25.764764070510864,0.024797426942172185,0.02511628158390522,-0.0003188546417330351,23.718820571899414,-2.4964070320129395
25.79803442955017,0.024788768547725607,0.0249867495149374,-0.00019798096721179367,23.75846290588379,-2.496317148208618
25.831268548965454,0.025528448194539265,0.024751920253038406,0.000776527941500859,23.790334701538086,-2.4961962699890137
25.864619493484497,0.02913348088498767,0.024430297315120697,0.004703183569866973,23.822355270385742,-2.496079683303833
25.898078680038452,0.029783189530466582,0.023894203826785088,0.005888985703681494,23.862628936767578,-2.4958996772766113
25.931272983551025,0.029783189530466582,0.023486007004976273,0.006297182525490309,23.88691520690918,-2.4957945346832275
25.964646339416504,0.03335613431790549,0.022867510095238686,0.010488624222666804,23.91938591003418,-2.495706081390381
25.9980731010437,0.033381113698253244,0.021981801837682724,0.01139931186057052,23.9600830078125,-2.4956278800964355
26.031282901763916,0.03403793090032634,0.021134955808520317,0.012902975091806025,23.992713928222656,-2.4955804347991943
26.064609050750732,0.03336896540341189,0.020407648757100105,0.012961316646311782,24.017229080200195,-2.495521068572998
26.09791111946106,0.034976335285801144,0.0186457522213459,0.016330583064455242,24.066408157348633,-2.4953560829162598
26.13127040863037,0.03338042193984648,0.017593087628483772,0.015787334311362707,24.0910701751709,-2.495239496231079
26.164610624313354,0.029783189547045934,0.01605314016342163,0.013730049383624304,24.123998641967773,-2.49507212638855
26.198034286499023,0.02914633859421247,0.014380586333572865,0.014765752260639607,24.156925201416016,-2.4948909282684326
26.231266975402832,0.02647060466514691,0.012153283692896366,0.014317320972250545,24.198068618774414,-2.494687080383301
26.26475715637207,0.02474776247353489,0.010300109162926674,0.014447653310608218,24.23097038269043,-2.4944775104522705
26.297948122024536,0.022222980613426455,0.008885042741894722,0.013337937871531733,24.255643844604492,-2.4943060874938965
26.331263065338135,0.018163343382726085,0.0065748668275773525,0.011588476555148733,24.296737670898438,-2.494053840637207
26.364755153656006,0.016307099986943033,0.004778271075338125,0.011528828911604908,24.329605102539062,-2.493894338607788
26.398014783859253,0.013726663005768466,0.0030392317567020655,0.0106874312490664,24.36248207092285,-2.4937469959259033
26.43134307861328,0.008509482723959374,0.0013646639417856932,0.007144818782173681,24.395353317260742,-2.4936087131500244
26.464656352996826,0.008509482723959374,-0.0006087395595386624,0.009118222283498036,24.436485290527344,-2.4934213161468506
26.497944593429565,-4.788988449790688e-11,-0.0017203844618052244,0.0017203844139153399,24.461200714111328,-2.4932851791381836
26.53127932548523,-0.0032896867442307434,-0.0031451056711375713,-0.0001445810730931721,24.494140625,-2.493088960647583
26.564608097076416,-0.00850948272084663,-0.004833689890801907,-0.003675792830044723,24.53531837463379,-2.49279522895813
26.597955226898193,-0.012764224117627352,-0.006094146054238081,-0.006670078063389271,24.568191528320312,-2.4925522804260254
26.631301403045654,-0.017018965476139198,-0.007263130508363247,-0.009755834967775951,24.60096549987793,-2.4923462867736816
26.66463303565979,-0.020309271950258938,-0.008562961593270302,-0.011746310356988636,24.64175796508789,-2.492006301879883
26.697946310043335,-0.02535879679271949,-0.009254133328795433,-0.016104663463924057,24.666147232055664,-2.4917421340942383
26.731281280517578,-0.02978318953820002,-0.010087713599205017,-0.019695475938995004,24.698564529418945,-2.4913113117218018
26.764606714248657,-0.03356990257018342,-0.010982798412442207,-0.022587104157741213,24.738937377929688,-2.4906222820281982
26.797961473464966,-0.03403793090216451,-0.011571557261049747,-0.022466373641114763,24.771163940429688,-2.4900951385498047
26.83128809928894,-0.034992509106819544,-0.012073912657797337,-0.022918596449022208,24.803377151489258,-2.4895873069763184
26.864606380462646,-0.03829267231172542,-0.012504246085882187,-0.025788426225843236,24.835613250732422,-2.489060163497925
26.897942543029785,-0.03829267233967346,-0.012836972251534462,-0.025455700088139,24.867856979370117,-2.488534688949585
26.931288242340088,-0.03829267233577852,-0.013075243681669235,-0.025217428654109288,24.90007209777832,-2.487981081008911
26.964600563049316,-0.03829267230228247,-0.013266746886074543,-0.025025925416207927,24.940326690673828,-2.4872798919677734
26.997937202453613,-0.035052986689457416,-0.013319763354957104,-0.021733223334500312,24.972515106201172,-2.486725330352783
27.031287908554077,-0.034037930901092014,-0.013269361108541489,-0.020768569792550526,25.004695892333984,-2.4862074851989746
27.064598560333252,-0.028785502308394446,-0.013088666833937168,-0.01569683547445728,25.044933319091797,-2.485628843307495
27.098085165023804,-0.025528448184800896,-0.012961297295987606,-0.01256715088881329,25.06908416748047,-2.4852726459503174
27.131280183792114,-0.021273706805427665,-0.012782291509211063,-0.008491415296216602,25.101343154907227,-2.484828233718872
27.16460084915161,-0.013678546770020054,-0.012590684927999973,-0.0010878618420200811,25.141756057739258,-2.484325647354126
27.198084592819214,-0.00940018967446997,-0.01245657354593277,0.0030563838714628005,25.1742000579834,-2.483966827392578
27.231279373168945,-0.005122111932118042,-0.012320902198553085,0.007198790266435043,25.206737518310547,-2.483603000640869
27.264636754989624,-0.0008347951795941511,-0.012242201715707779,0.011407406536113628,25.231172561645508,-2.4833436012268066
27.297935962677002,0.004254741359696194,-0.012209968641400337,0.016464710001096533,25.271944046020508,-2.482882022857666
27.331278800964355,0.007755197000170342,-0.0123105114325881,0.020065708432758442,25.304567337036133,-2.482553482055664
27.364611625671387,0.012764224108931436,-0.012575061060488224,0.025339285169419662,25.33714485168457,-2.4822916984558105
27.397937059402466,0.016223866775877335,-0.013181628659367561,0.029405495435244896,25.377716064453125,-2.4820234775543213
27.43127417564392,0.016213321345617218,-0.013898080214858055,0.030111401560475273,25.409975051879883,-2.481842517852783
27.46463418006897,0.01796306885267554,-0.014569426886737347,0.03253249573941289,25.434038162231445,-2.481693744659424
27.498087882995605,0.01636471865583903,-0.0158927571028471,0.03225747575868613,25.47394561767578,-2.481409788131714
27.531250953674316,0.01370918035839519,-0.017118509858846664,0.030827690217241854,25.50572395324707,-2.4811413288116455
27.564606428146362,0.011874734617388787,-0.018433019518852234,0.03030775413624102,25.53741455078125,-2.48088002204895
27.598103523254395,0.007681822955827735,-0.01944810524582863,0.027129928201656363,25.56114387512207,-2.4806883335113525
27.631279945373535,0.004874009158957551,-0.021574044600129128,0.026448053759086678,25.608524322509766,-2.4803855419158936
27.664759159088135,0.0035492174619749977,-0.022676531225442886,0.026225748687417883,25.63214874267578,-2.4802725315093994
27.698045253753662,-0.0008279038894532826,-0.02422495372593403,0.023397049836480745,25.663570404052734,-2.48012375831604
27.731276988983154,-0.004254741376624036,-0.02624279260635376,0.021988051229729723,25.702707290649414,-2.479909658432007
27.764610528945923,-0.009327137002286257,-0.027883265167474747,0.01855612816518849,25.733882904052734,-2.479675054550171
27.79809069633484,-0.012764224079844348,-0.029512343928217888,0.01674811984837354,25.76492691040039,-2.4794018268585205
27.83126974105835,-0.016959318142174724,-0.03148684278130531,0.014527524639130589,25.80356216430664,-2.479088544845581
27.864626169204712,-0.022137597136746918,-0.032614417374134064,0.010476820237387146,25.826675415039062,-2.478893518447876
27.898095846176147,-0.027931992446798663,-0.03403502330183983,0.006103030855041165,25.85740852355957,-2.478660821914673
27.93126678466797,-0.032298832733661395,-0.035669196397066116,0.0033703636634047213,25.895679473876953,-2.478327989578247
27.964613676071167,-0.03305716168803913,-0.03682710975408554,0.0037699480660464135,25.92618751525879,-2.478003740310669
27.99800133705139,-0.03652217552982812,-0.03781023621559143,0.0012880606857633078,25.95664405822754,-2.4776175022125244
28.031272888183594,-0.03829267233577852,-0.03876534476876259,0.00047267243298406564,25.994733810424805,-2.4770712852478027
28.06460952758789,-0.03833560651108047,-0.03920541703701019,0.000869810525929722,26.017623901367188,-2.476651906967163
28.097965002059937,-0.039332290897631426,-0.03970438987016678,0.0003720989725353521,26.048263549804688,-2.476015090942383
28.13131356239319,-0.04142789343875663,-0.040171168744564056,-0.0012567246941925722,26.086740493774414,-2.475248098373413
28.164743900299072,-0.042547413665543626,-0.04037551209330559,-0.0021719015722380386,26.11766815185547,-2.4745852947235107
28.198079347610474,-0.04254741364007897,-0.040428075939416885,-0.002119337700662083,26.148714065551758,-2.473849296569824
28.231348991394043,-0.04254741364007897,-0.04032569006085396,-0.00222172357922501,26.179868698120117,-2.473083257675171
