t,y_ref,y_meas,e_y,x_meas,z_meas
1.2983734607696533,-0.7618977804740996,0.34870874881744385,-1.1106065292915435,0.03914894908666611,-1.4791910648345947
1.3316054344177246,-0.7702503477032328,0.34242671728134155,-1.1126770649845743,0.03862432390451431,-1.4982863664627075
1.3650453090667725,-0.7796076007812273,0.3321608304977417,-1.111768431278969,0.03778493031859398,-1.5274590253829956
1.3984954357147217,-0.8053934082763605,0.32426294684410095,-1.1296563551204615,0.03705134987831116,-1.5448553562164307
1.4316205978393555,-0.8053934082763605,0.31678664684295654,-1.122180055119317,0.036281488835811615,-1.5563292503356934
1.4650068283081055,-0.8053934082763605,0.3098953664302826,-1.1152887747066431,0.03535916656255722,-1.5627167224884033
1.4982953071594238,-0.8053934082763605,0.3025546371936798,-1.1079480454700403,0.034000612795352936,-1.566468358039856
1.5316746234893799,-0.8053934082763605,0.2991483807563782,-1.1045417890327387,0.033037081360816956,-1.5678094625473022
1.5649986267089844,-0.8053934082763605,0.29581987857818604,-1.1012132868545466,0.03167005255818367,-1.570380687713623
1.5983047485351562,-0.8053934082763605,0.294024258852005,-1.0994176671283655,0.029744530096650124,-1.5749391317367554
1.631641149520874,-0.8053934082763605,0.29461485147476196,-1.1000082597511225,0.028021302074193954,-1.5796470642089844
1.665024757385254,-0.8053934082763605,0.297012060880661,-1.1024054691570215,0.02614067867398262,-1.5849733352661133
1.6982574462890625,-0.8053934082763605,0.3024587035179138,-1.1078521117942743,0.02349856123328209,-1.5919524431228638
1.731658697128296,-0.8053934082763605,0.30709174275398254,-1.112485151030343,0.02166210301220417,-1.596160888671875
1.765040636062622,-0.8053934082763605,0.3145630359649658,-1.1199564442413263,0.01897575333714485,-1.6017308235168457
1.7982783317565918,-0.8053934082763605,0.3258511424064636,-1.1312445506828241,0.015291523188352585,-1.6087594032287598
1.8317711353302002,-0.8053934082763605,0.336164265871048,-1.1415576741474085,0.012163273058831692,-1.6145285367965698
1.8649563789367676,-0.8053934082763605,0.3474653661251068,-1.1528587744014673,0.009002408012747765,-1.6205029487609863
1.898259162902832,-0.8915111069535199,0.36262497305870056,-1.2541360800122203,0.005155221559107304,-1.6283740997314453
1.9316117763519287,-0.8320044713053513,0.37214770913124084,-1.204152180436592,0.002961962716653943,-1.63326895236969
1.965045690536499,-0.8001438373176925,0.38506338000297546,-1.1852072173206678,0.00023174946545623243,-1.6401177644729614
1.9983000755310059,-0.7806537734975595,0.40140196681022644,-1.1820557403077858,-0.002766141202300787,-1.6491217613220215
2.031637668609619,-0.7631846838381479,0.41451001167297363,-1.1776946955111214,-0.004841821268200874,-1.6564894914627075
2.065056800842285,-0.7456802249067813,0.42431873083114624,-1.1699989557379276,-0.0062598916701972485,-1.6620389223098755
2.098254442214966,-0.7303032535597725,0.4405435025691986,-1.170846756128971,-0.008660774677991867,-1.6711281538009644
2.1316001415252686,-0.7064864082141786,0.45336055755615234,-1.159846965770331,-0.010591241531074047,-1.6782745122909546
2.1649646759033203,-0.6785447541051594,0.4659225046634674,-1.1444672587686266,-0.01257664430886507,-1.685343623161316
2.198338747024536,-0.6565471602220455,0.47816166281700134,-1.134708823039047,-0.014667381532490253,-1.692352294921875
2.2315385341644287,-0.6406599660832485,0.49291640520095825,-1.1335763712842066,-0.017407231032848358,-1.7010904550552368
2.2649996280670166,-0.6291655554880525,0.5014693737030029,-1.1306349291910553,-0.019091062247753143,-1.7063484191894531
2.298285484313965,-0.6205200022025325,0.5125349164009094,-1.1330549186034418,-0.021326031535863876,-1.7134284973144531
2.331712245941162,-0.6115235711416703,0.523247241973877,-1.1347708131155474,-0.023404018953442574,-1.7206220626831055
2.365065097808838,-0.6024197870715899,0.5361720323562622,-1.1385918194278521,-0.025527045130729675,-1.7296926975250244
2.3982982635498047,-0.5963876987154088,0.5461537837982178,-1.1425414825136264,-0.0266097579151392,-1.736909031867981
2.4316279888153076,-0.5906005381535673,0.5558470487594604,-1.1464475869130277,-0.02697434090077877,-1.7440645694732666
2.4649858474731445,-0.5836661689962769,0.5675657987594604,-1.1512319677557374,-0.026212263852357864,-1.7529104948043823
2.498331069946289,-0.5786207538125322,0.574401319026947,-1.1530220728394793,-0.024970903992652893,-1.7581192255020142
2.531646966934204,-0.5722146426460466,0.5833398103713989,-1.1555544530174455,-0.022396603599190712,-1.7649708986282349
2.565039873123169,-0.5651409603929811,0.5942327976226807,-1.1593737580156618,-0.017590580508112907,-1.773358941078186
2.598316192626953,-0.5573309793088445,0.6027301549911499,-1.1600611342999945,-0.012515773065388203,-1.7799146175384521
2.631754159927368,-0.5506893106159705,0.6110544204711914,-1.161743731087162,-0.006358779966831207,-1.7863067388534546
2.66494083404541,-0.5441548087170284,0.6191645264625549,-1.1633193351795832,0.0008534585358574986,-1.7925362586975098
2.69834566116333,-0.5350389872464584,0.6270479559898376,-1.1620869432362961,0.0091268140822649,-1.798646092414856
2.731721878051758,-0.5272383361013068,0.6346338391304016,-1.1618721752317085,0.01828901469707489,-1.8046694993972778
2.765018939971924,-0.5184282349770857,0.6436930298805237,-1.1621212648576094,0.030907906591892242,-1.8120840787887573
2.7983453273773193,-0.5142484722018873,0.6505506634712219,-1.164799135673109,0.04174534231424332,-1.8179162740707397
2.8319766521453857,-0.5054646959461442,0.6570479273796082,-1.1625126233257523,0.05308365076780319,-1.8236671686172485
2.86495304107666,-0.5009995472320371,0.6645687222480774,-1.1655682694801146,0.06759438663721085,-1.8307017087936401
2.8983986377716064,-0.4956312971527268,0.6701180338859558,-1.1657493310386826,0.07931268960237503,-1.8361955881118774
2.931687116622925,-0.4928079184370588,0.6740395426750183,-1.1668474611120772,0.08800027519464493,-1.8402150869369507
2.9648964405059814,-0.49052326937612845,0.6802250742912292,-1.1707483436673578,0.10217892378568649,-1.8467708826065063
2.998349666595459,-0.4908278304151467,0.6849794983863831,-1.1758073288015298,0.11310926824808121,-1.8518470525741577
3.0316848754882812,-0.4920642441282555,0.6884673833847046,-1.18053162751296,0.12098561227321625,-1.8555654287338257
3.064974546432495,-0.49130708724548694,0.6930679082870483,-1.1843749955325353,0.13105496764183044,-1.860460638999939
3.098674774169922,-0.4916988914098827,0.6987974047660828,-1.1904962961759655,0.14278888702392578,-1.866507887840271
3.1317343711853027,-0.4913497999608118,0.7033770680427551,-1.194726868003567,0.15139693021774292,-1.8713182210922241
3.1650354862213135,-0.4890293486595649,0.7079463601112366,-1.1969757087708015,0.15935668349266052,-1.8761392831802368
3.1983654499053955,-0.4871578249479372,0.7125335931777954,-1.1996914181257325,0.16659335792064667,-1.8809822797775269
3.231703042984009,-0.4826214899544839,0.717162549495697,-1.1997840394501809,0.17307507991790771,-1.885888695716858
3.265047311782837,-0.4782077350495959,0.7218526601791382,-1.200060395228734,0.17869462072849274,-1.8908535242080688
3.298548936843872,-0.47410541253123517,0.7266454696655273,-1.2007508821967625,0.18336975574493408,-1.8958936929702759
3.3316822052001953,-0.46354253570394305,0.7327430248260498,-1.196285560529993,0.18776825070381165,-1.9022725820541382
3.3653526306152344,-0.45298649593561424,0.7376761436462402,-1.1906626395818545,0.19016040861606598,-1.907387137413025
3.398324966430664,-0.44265135561863955,0.7426043748855591,-1.1852557305041986,0.1915876716375351,-1.9125117063522339
3.4316720962524414,-0.4304525142681187,0.7486999034881592,-1.1791524177562778,0.1921396255493164,-1.9189175367355347
3.4650659561157227,-0.41981836960949465,0.7534778118133545,-1.173296181422849,0.1914525032043457,-1.9240442514419556
3.498455047607422,-0.4061554603571473,0.7568824887275696,-1.163037949084717,0.19027379155158997,-1.927893042564392
3.531784772872925,-0.39568321034506665,0.7622184753417969,-1.1579016856868636,0.18721307814121246,-1.9342695474624634
3.56516432762146,-0.38530002703548166,0.7660543322563171,-1.1513543592917987,0.183669775724411,-1.9393295049667358
3.598546028137207,-0.37841049771849117,0.7694447636604309,-1.1478552613789221,0.17918086051940918,-1.9443460702896118
3.6316773891448975,-0.3725489905880053,0.7724084258079529,-1.1449574163959582,0.17378690838813782,-1.9493013620376587
3.665225028991699,-0.365851563710767,0.7755732536315918,-1.141424817342359,0.16587279736995697,-1.955466628074646
3.698591470718384,-0.3595315602738598,0.7771365642547607,-1.1366681245286205,0.160491481423378,-1.9591509103775024
3.7316720485687256,-0.3546105663257671,0.7792108654975891,-1.1338214318233562,0.15072160959243774,-1.9652727842330933
3.7650580406188965,-0.35079528259615333,0.7803544402122498,-1.131149722808403,0.14216968417167664,-1.970079779624939
3.7984871864318848,-0.3496232433292618,0.7809512615203857,-1.1305745048496476,0.13538029789924622,-1.9736262559890747
3.8318560123443604,-0.3493976230190029,0.781442403793335,-1.1308400268123378,0.12599436938762665,-1.978293538093567
3.8649771213531494,-0.35196699991064057,0.781661868095398,-1.1336288680060385,0.11382854729890823,-1.984068751335144
3.898416757583618,-0.35296102276791363,0.7815982699394226,-1.1345592927073362,0.10394797474145889,-1.988667607307434
3.9318554401397705,-0.35467227503029125,0.7813756465911865,-1.1360479216214778,0.09413024038076401,-1.9932256937026978
3.965266704559326,-0.35820300688654255,0.7810747623443604,-1.1392777692309028,0.08448761701583862,-1.997801661491394
3.9983818531036377,-0.3610350157525553,0.780672013759613,-1.1417070295121683,0.07279699295759201,-2.00351619720459
4.031965255737305,-0.3653335498684561,0.780502200126648,-1.1458357499951042,0.06603217124938965,-2.0068724155426025
4.065272569656372,-0.3697139851473672,0.7803817391395569,-1.150095724286924,0.05741765722632408,-2.011268138885498
4.098399877548218,-0.3759934523979217,0.7804756760597229,-1.1564691284576445,0.04744534566998482,-2.0166208744049072
4.131967782974243,-0.38919594211271047,0.7808475494384766,-1.170043491551187,0.04022742807865143,-2.020763635635376
4.165191650390625,-0.40988108993308453,0.7815544009208679,-1.1914354908539524,0.03376035764813423,-2.024771213531494
4.198407888412476,-0.4360946790353513,0.7829410433769226,-1.2190357224122739,0.026815764605998993,-2.0296170711517334
4.2319746017456055,-0.47043224153871105,0.7840880155563354,-1.2545202570950464,0.023325230926275253,-2.032484769821167
4.265111446380615,-0.5143547214763065,0.7860133051872253,-1.3003680266635318,0.01936989650130272,-2.03631329536438
4.2986900806427,-0.5694453683485396,0.7892135977745056,-1.3586589661230453,0.015496465377509594,-2.0412073135375977
4.331725835800171,-0.6380159708656592,0.7926641702651978,-1.430680141130857,0.013189022429287434,-2.045438766479492
4.365283727645874,-0.7199658619175269,0.7959666848182678,-1.5159325467357947,0.011919394135475159,-2.048954486846924
4.398719072341919,-0.815634636021427,0.8033056855201721,-1.6189403215415992,0.010508446022868156,-2.0555334091186523
4.431681871414185,-0.9184486907897359,0.8113192319869995,-1.7297679227767353,0.009981423616409302,-2.060945749282837
4.465063810348511,-1.008499533892375,0.8216028809547424,-1.8301024148471174,0.009856521151959896,-2.066114664077759
4.498452186584473,-1.0756644770858472,0.837882399559021,-1.9135468766448682,0.010077112354338169,-2.071838140487671
4.53192925453186,-1.0756644770858472,0.8541566133499146,-1.9298210904357618,0.010528979822993279,-2.075732707977295
4.565191268920898,-1.0756644770858472,0.8736158609390259,-1.949280338024873,0.01119315903633833,-2.0792298316955566
4.5982537269592285,-1.0756644770858472,0.8964879512786865,-1.9721524283645337,0.011934764683246613,-2.0825612545013428
4.6316916942596436,-1.0756644770858472,0.9230237007141113,-1.9986881777999586,0.012682763859629631,-2.0858092308044434
4.665183782577515,-1.0756644770858472,0.9532536864280701,-2.028918163513917,0.013373659923672676,-2.0888912677764893
4.698800325393677,-1.0756644770858472,0.9963901042938232,-2.0720545813796702,0.01409619115293026,-2.0925209522247314
4.731591701507568,-1.0756644770858472,1.0346267223358154,-2.1102911994216624,0.014342729933559895,-2.0953047275543213
4.765186071395874,-1.0756644770858472,1.0656824111938477,-2.1413468882796947,0.014318144880235195,-2.0973033905029297
4.798516511917114,-1.0756644770858472,1.1212579011917114,-2.1969223782775584,0.013722395524382591,-2.100531816482544
4.831610918045044,-1.0756644770858472,1.1817165613174438,-2.257381038403291,0.012537461705505848,-2.1036648750305176
4.865183115005493,-1.0756644770858472,1.2198551893234253,-2.2955196664092723,0.011437001638114452,-2.105607509613037
4.898647308349609,-1.0756644770858472,1.2728322744369507,-2.3484967515227977,0.009638465940952301,-2.1083734035491943
4.931575298309326,-1.0288251297969246,1.3418796062469482,-2.370704736043873,0.006942609325051308,-2.1122617721557617
4.965060472488403,-0.9398304081494473,1.398768424987793,-2.3385988331372403,0.004441830329596996,-2.1157453060150146
4.998455286026001,-0.9398304081494473,1.442080020904541,-2.3819104290539883,0.0024399340618401766,-2.1185414791107178
5.031782627105713,-0.789677060083328,1.5003399848937988,-2.2900170449771267,-0.0003115715808235109,-2.1223902702331543
5.065029144287109,-0.7200851491590519,1.5735852718353271,-2.293670420994379,-0.0036599216982722282,-2.12715220451355
5.098617076873779,-0.7200851491590519,1.6321816444396973,-2.352266793598749,-0.006123662926256657,-2.130845546722412
5.131909132003784,-0.5909063052499212,1.6758918762207031,-2.2667981814706244,-0.0077832359820604324,-2.1336286067962646
5.165341377258301,-0.5276034293657865,1.7479016780853271,-2.2755051074511137,-0.010410870425403118,-2.1383795738220215
5.198450803756714,-0.45671891196416475,1.8183748722076416,-2.275093784171806,-0.012490333057940006,-2.1431729793548584
5.231837034225464,-0.3886490868567132,1.8597862720489502,-2.248435358905663,-0.013506913557648659,-2.1459953784942627
5.265207290649414,-0.3886490868567132,1.9269509315490723,-2.315600018405785,-0.014736481942236423,-2.1505842208862305
5.298443794250488,-0.290408182695786,1.978886604309082,-2.269294787004868,-0.015167729929089546,-2.154021978378296
5.331779479980469,-0.253500431039036,2.016625165939331,-2.270125596978367,-0.015113155357539654,-2.1563560962677
5.365043640136719,-0.22703329963230257,2.0773184299468994,-2.304351729579202,-0.014376537874341011,-2.159853935241699
5.398542165756226,-0.21732127285652436,2.1237728595733643,-2.3410941324298884,-0.013101289980113506,-2.1623330116271973
5.431725978851318,-0.2173470738296848,2.1684625148773193,-2.385809588707004,-0.011223698034882545,-2.1647162437438965
5.464914798736572,-0.22097001252041565,2.2219128608703613,-2.442882873390777,-0.008006438612937927,-2.1677064895629883
5.49865460395813,-0.2337078647549105,2.2629780769348145,-2.496685941689725,-0.004743073135614395,-2.1702470779418945
5.532196283340454,-0.24436245527461917,2.2928826808929443,-2.5372451361675634,-0.0018516933778300881,-2.1722476482391357
5.5650506019592285,-0.25499098995419694,2.3412230014801025,-2.5962139914342997,0.0037667860742658377,-2.1757171154022217
5.598709583282471,-0.2643069064168041,2.3785643577575684,-2.6428712641743726,0.009212149307131767,-2.1785550117492676
5.63191032409668,-0.2762073428532091,2.4149532318115234,-2.6911605746647327,0.015450502745807171,-2.181385040283203
5.66504168510437,-0.2903601649743073,2.4504830837249756,-2.740843248699283,0.02250221185386181,-2.1841659545898438
5.698400974273682,-0.3045026824069506,2.4938859939575195,-2.7983886763644703,0.03250514715909958,-2.187509298324585
5.731791019439697,-0.3193342805681856,2.519568681716919,-2.8389029622851045,0.03908965736627579,-2.1894896030426025
5.765714645385742,-0.333890479167545,2.553400754928589,-2.887291234096134,0.048585258424282074,-2.19208025932312
5.798300504684448,-0.3466066961115622,2.595289468765259,-2.941896164876821,0.061460431665182114,-2.19533109664917
5.831719398498535,-0.3576902442231573,2.6286280155181885,-2.9863182597413456,0.07246266305446625,-2.1978847980499268
5.865273714065552,-0.36681274122656743,2.661860942840576,-3.0286736840671438,0.08412307500839233,-2.2004568576812744
5.898692846298218,-0.3777875192352585,2.7032887935638428,-3.081076312799101,0.09955340623855591,-2.203687906265259
5.931699991226196,-0.38376225166302985,2.736461877822876,-3.120224129485906,0.11231876909732819,-2.206317663192749
5.965170383453369,-0.387965412417387,2.7613964080810547,-3.1493618204984415,0.12203498184680939,-2.208324909210205
5.9990074634552,-0.3927567005448195,2.803114652633667,-3.1958713531784864,0.13841265439987183,-2.2117621898651123
6.031711101531982,-0.3955329813007133,2.8367300033569336,-3.232262984657647,0.15145254135131836,-2.2145402431488037
6.065003871917725,-0.3971299924707162,2.8705806732177734,-3.26771066568849,0.16425065696239471,-2.217381238937378
6.098776817321777,-0.39930450350902125,2.8961362838745117,-3.2954407873835327,0.17357100546360016,-2.219560384750366
6.131892204284668,-0.3995459504397246,2.9476706981658936,-3.347216648605618,0.1911890059709549,-2.224013566970825
6.165498495101929,-0.39482417166937966,2.973623752593994,-3.368447924263374,0.19934292137622833,-2.226283550262451
6.198335409164429,-0.39110440940981417,3.0084145069122314,-3.3995189163220454,0.20929844677448273,-2.2292966842651367
6.231666326522827,-0.3894017344320563,3.052234172821045,-3.4416359072531013,0.22006171941757202,-2.232954502105713
6.2651448249816895,-0.3873164235313924,3.0875244140625,-3.4748408375938924,0.22722415626049042,-2.235746383666992
6.299590349197388,-0.3855412641765813,3.114119529724121,-3.4996607939007025,0.23173801600933075,-2.237762928009033
6.331625461578369,-0.38212039456277663,3.158688545227051,-3.5408089397898275,0.23746973276138306,-2.2410295009613037
6.365150690078735,-0.3767080852036343,3.194458484649658,-3.5711665698532924,0.2405165731906891,-2.2435617446899414
6.398876190185547,-0.3672826764700979,3.230236053466797,-3.597518729936895,0.24211032688617706,-2.246009111404419
6.431599378585815,-0.3600581454205285,3.2748875617980957,-3.634945707218624,0.24212683737277985,-2.2490320205688477
6.465087890625,-0.34885287627181194,3.310533046722412,-3.659385922994224,0.24065826833248138,-2.2514171600341797
6.498391389846802,-0.3376337832130979,3.337198257446289,-3.674832040659387,0.23877665400505066,-2.2531890869140625
6.531813144683838,-0.3265033329319457,3.372673273086548,-3.6991766060184936,0.235165074467659,-2.255476951599121
6.564987897872925,-0.31246995765818103,3.416811466217041,-3.729281423875222,0.22904101014137268,-2.258295774459839
6.598413705825806,-0.3017871335519658,3.4519169330596924,-3.7537040666116583,0.22307312488555908,-2.260502338409424
6.631775856018066,-0.2908169847893336,3.4867494106292725,-3.777566395418606,0.21620473265647888,-2.262629747390747
6.665024280548096,-0.2767130913307497,3.5299017429351807,-3.8066148342659303,0.20666037499904633,-2.2652087211608887
6.6983420848846436,-0.26545863244515244,3.5640459060668945,-3.829504538512047,0.19851842522621155,-2.267228841781616
6.732041120529175,-0.2551708366430778,3.5894503593444824,-3.8446211959875605,0.1922510415315628,-2.2687268257141113
6.765009880065918,-0.25158649234781777,3.6313583850860596,-3.8829448774338773,0.1816261112689972,-2.271192789077759
6.798501014709473,-0.2550784022277768,3.66459321975708,-3.9196716219848566,0.1732633262872696,-2.2731406688690186
6.831832408905029,-0.25888031162873537,3.6975884437561035,-3.9564687553848388,0.1651833951473236,-2.2750585079193115
6.864852428436279,-0.2663095933480837,3.7386598587036133,-4.0049694520516965,0.15569910407066345,-2.2774665355682373
6.8984692096710205,-0.2700404348828339,3.771456241607666,-4.0414966764905,0.14874666929244995,-2.2793798446655273
6.931715726852417,-0.2739983794544991,3.796074867248535,-4.070073246703034,0.14397567510604858,-2.2808096408843994
6.965188980102539,-0.2738649865665844,3.828885078430176,-4.10275006499676,0.13835956156253815,-2.2826645374298096
6.998427152633667,-0.2740915392826443,3.8700003623962402,-4.144091901678885,0.13262760639190674,-2.2848384380340576
7.031758069992065,-0.276512714267956,3.903024911880493,-4.179537626148449,0.12909556925296783,-2.286430597305298
7.065072536468506,-0.276512714267956,3.9278807640075684,-4.204393478275525,0.12707097828388214,-2.2875564098358154
7.098391771316528,-0.2779882742039069,3.9694321155548096,-4.247420389758717,0.1250106394290924,-2.2892909049987793
7.131870985031128,-0.27961590855887986,4.002839088439941,-4.282454996998821,0.12430573254823685,-2.2906365394592285
7.165116310119629,-0.2779251325773521,4.036341190338135,-4.314266322915487,0.12442907691001892,-2.291896343231201
7.198303699493408,-0.27645145751954664,4.078373908996582,-4.3548253665161285,0.12569555640220642,-2.2933743000030518
7.23167085647583,-0.2731763733941325,4.11209774017334,-4.385274113567473,0.1274772584438324,-2.2945241928100586
7.2651355266571045,-0.26562035652336563,4.137444496154785,-4.403064852678151,0.1291697770357132,-2.295370101928711
7.298254013061523,-0.257373379434052,4.179722785949707,-4.437096165383759,0.1326112151145935,-2.2966866493225098
7.331674575805664,-0.24639063775606146,4.213576793670654,-4.4599674314267155,0.13574756681919098,-2.2977259159088135
7.3651652336120605,-0.23851827318546787,4.247425556182861,-4.485943829368329,0.13907019793987274,-2.2987728118896484
7.398252725601196,-0.2306139635377656,4.2897114753723145,-4.52032543891008,0.14324507117271423,-2.3001043796539307
7.431579351425171,-0.2230432350029982,4.323482990264893,-4.546526225267891,0.14643914997577667,-2.301126480102539
7.465263605117798,-0.2230432350029982,4.348762512207031,-4.571805747210029,0.14867441356182098,-2.301874876022339
7.498281478881836,-0.2122951525396254,4.399118900299072,-4.611414052838698,0.1524939239025116,-2.303305149078369
7.531604766845703,-0.20836726395714833,4.424199104309082,-4.632566368266231,0.15399201214313507,-2.304018259048462
7.564916372299194,-0.20471982881296272,4.457538604736328,-4.662258433549291,0.15546123683452606,-2.3049826622009277
7.598917007446289,-0.20471982881296272,4.499082565307617,-4.70380239412058,0.15637345612049103,-2.3062422275543213
7.631628513336182,-0.2025265990457108,4.532222747802734,-4.734749346848445,0.15637648105621338,-2.307319402694702
7.665009498596191,-0.20437363468390732,4.557023525238037,-4.761397159921945,0.15599875152111053,-2.308178186416626
7.698260545730591,-0.2085285057524355,4.590022087097168,-4.798550592849604,0.15497201681137085,-2.3093578815460205
7.7315897941589355,-0.2085285057524355,4.631230354309082,-4.839758860061518,0.15282529592514038,-2.3109209537506104
7.765432357788086,-0.21392744404687786,4.6642022132873535,-4.878129657334231,0.1504770964384079,-2.312239170074463
7.7983973026275635,-0.21391109525958113,4.697187900543213,-4.911098995802794,0.14763185381889343,-2.3136096000671387
7.831557512283325,-0.2106231046696767,4.738502502441406,-4.949125607111083,0.14349685609340668,-2.3154616355895996
7.865155458450317,-0.2106231046696767,4.7716569900512695,-4.982280094720946,0.13985639810562134,-2.317038059234619
7.898331165313721,-0.209629590268139,4.79660177230835,-5.0062313625764885,0.13700470328330994,-2.3182601928710938
7.932353258132935,-0.2060362313280263,4.829965591430664,-5.03600182275869,0.1331023871898651,-2.3199245929718018
7.964962959289551,-0.20303936763750488,4.8718647956848145,-5.074904163322319,0.1281706839799881,-2.322089195251465
7.998472213745117,-0.20303936763750488,4.905494213104248,-5.108533580741753,0.12431439757347107,-2.3238742351531982
8.032057285308838,-0.20268794930317283,4.930785655975342,-5.133473605278515,0.12152714282274246,-2.325240135192871
8.065081119537354,-0.20263898342383138,4.973139762878418,-5.1757787463022495,0.11724113672971725,-2.327570676803589
8.098254203796387,-0.20569078010691508,5.007143974304199,-5.212834754411114,0.11419922113418579,-2.3295044898986816
8.131695985794067,-0.20569078010691508,5.041261196136475,-5.246951976243389,0.11160819977521896,-2.3315346240997314
8.165132284164429,-0.2000559407775342,5.084136009216309,-5.284191949993843,0.10905241966247559,-2.3341965675354004
8.198261260986328,-0.1988039774298707,5.118611812591553,-5.317415790021424,0.10751598328351974,-2.336326837539673
8.231586933135986,-0.19848498509179155,5.153251647949219,-5.3517366330410105,0.1065499559044838,-2.3384859561920166
8.264989614486694,-0.19848498509179155,5.196804046630859,-5.395289031722651,0.10615723580121994,-2.3412487506866455
8.29825472831726,-0.19414029197137878,5.2230730056762695,-5.417213297647648,0.1063445433974266,-2.3428940773010254
8.331578016281128,-0.1945129256583553,5.2582902908325195,-5.452803216490874,0.10713087022304535,-2.3450875282287598
8.364925384521484,-0.19545442578145567,5.302633285522461,-5.498087711303917,0.10889837890863419,-2.3478262424468994
8.398231744766235,-0.19241206993429733,5.338397026062012,-5.530809095996309,0.11079370975494385,-2.350008726119995
8.431640148162842,-0.18463862955284058,5.365396976470947,-5.550035606023788,0.11243821680545807,-2.3516452312469482
8.46489667892456,-0.17603079672381441,5.4197564125061035,-5.595787209229918,0.11616142839193344,-2.354890823364258
8.498247385025024,-0.1661507028362163,5.447080135345459,-5.613230838181675,0.11817503720521927,-2.3564870357513428
8.531588554382324,-0.15300613514177808,5.483644485473633,-5.636650620615411,0.12099573016166687,-2.358605146408081
8.564934253692627,-0.1375825812159963,5.520328998565674,-5.65791157978167,0.12390201538801193,-2.3607499599456787
8.598222732543945,-0.12138554236243085,5.566243648529053,-5.687629190891483,0.1274462789297104,-2.3634064197540283
8.631608724594116,-0.10302405324454018,5.5937581062316895,-5.696782159476229,0.12944328784942627,-2.3649721145629883
8.664965867996216,-0.0924161018547639,5.630334377288818,-5.722750479143582,0.1319301873445511,-2.367044448852539
8.698251008987427,-0.0924161018547639,5.675732135772705,-5.768148237627469,0.13469724357128143,-2.3695826530456543
8.731600522994995,-0.08419354837453179,5.7117815017700195,-5.795975050144551,0.136586993932724,-2.3715460300445557
8.765035629272461,-0.07890770524498165,5.747583866119385,-5.826491571364366,0.13811282813549042,-2.373450517654419
8.798293113708496,-0.06966373232839324,5.78313684463501,-5.852800576963403,0.1392047107219696,-2.375336170196533
8.83160948753357,-0.06440607817164647,5.827204704284668,-5.891610782456315,0.13990657031536102,-2.3775622844696045
8.864935636520386,-0.06048498815576152,5.853440284729004,-5.913925272884765,0.13999274373054504,-2.3788347244262695
8.898296594619751,-0.05713427108754453,5.8881964683532715,-5.945330739440816,0.13972312211990356,-2.380448341369629
8.931615352630615,-0.05786485819055411,5.931359767913818,-5.989224626104373,0.13888148963451385,-2.3823368549346924
8.964940309524536,-0.05776492593480957,5.965706825256348,-6.023471751191157,0.1378318816423416,-2.3837838172912598
8.99826955795288,-0.057773059598849416,5.999891757965088,-6.057664817563937,0.13649354875087738,-2.385188102722168
9.031604051589966,-0.05735724053073117,6.042439937591553,-6.099797178122284,0.1344151496887207,-2.3868408203125
9.064927339553833,-0.056977691687794575,6.0678935050964355,-6.12487119678423,0.13296763598918915,-2.3877663612365723
9.09829568862915,-0.06131877881615186,6.101749897003174,-6.163068675819326,0.130818709731102,-2.3889853954315186
9.131616353988647,-0.06133192759117287,6.144031047821045,-6.205362975412218,0.12785300612449646,-2.3905234336853027
9.164930820465088,-0.05663707027602373,6.177819728851318,-6.234456799127342,0.12525802850723267,-2.3917548656463623
9.198252439498901,-0.05741781294827323,6.211548328399658,-6.268966141347931,0.12244260311126709,-2.3929824829101562
9.231592416763306,-0.05712569949927002,6.2535719871521,-6.31069768665137,0.11861033737659454,-2.3945095539093018
9.265007019042969,-0.05713266082737962,6.278717994689941,-6.335850655517321,0.11619633436203003,-2.395406723022461
9.298288345336914,-0.06109167277101469,6.312196731567383,-6.373288404338398,0.11280985921621323,-2.3965775966644287
9.331575870513916,-0.06376782656487034,6.354024887084961,-6.417792713649831,0.10839085280895233,-2.398001194000244
9.364950180053711,-0.06505247611051913,6.387547016143799,-6.452599492254318,0.10478707402944565,-2.3991289138793945
9.39831280708313,-0.06799958561802082,6.421133518218994,-6.489133103837015,0.10117783397436142,-2.400247812271118
9.431558609008789,-0.07040540086517486,6.46325159072876,-6.533656991593935,0.0967702865600586,-2.4016470909118652
9.464931964874268,-0.07174568526082757,6.488613128662109,-6.560358813922937,0.09419967234134674,-2.402488946914673
9.4982750415802,-0.0757252272840595,6.522552967071533,-6.598278194355593,0.09084025770425797,-2.4035987854003906
9.53165602684021,-0.07738138006918044,6.556635856628418,-6.6340172366975985,0.0875626802444458,-2.404711961746216
9.564945220947266,-0.07572888547393301,6.599483966827393,-6.675212852301326,0.08354584872722626,-2.4061508178710938
9.598275899887085,-0.07339787905199813,6.633958339691162,-6.70735621874316,0.08042565733194351,-2.4073076248168945
9.631595849990845,-0.07175662119088769,6.659915924072266,-6.731672545263153,0.07815717905759811,-2.408179998397827
9.664927244186401,-0.07097027309258049,6.694648265838623,-6.765618538931204,0.07527516782283783,-2.409383535385132
9.698269844055176,-0.0629934996591193,6.738213062286377,-6.801206561945496,0.07189636677503586,-2.411010503768921
9.731590747833252,-0.05162300630888496,6.773128509521484,-6.8247515158303695,0.06934071332216263,-2.4123623371124268
9.764959812164307,-0.0396699661212268,6.808070659637451,-6.847740625758678,0.06689377874135971,-2.413699150085449
9.798256397247314,-0.031290820524128786,6.851716995239258,-6.883007815763387,0.0639619305729866,-2.4152982234954834
9.831593990325928,-0.02456567649131674,6.877853870391846,-6.902419546883163,0.06224386766552925,-2.4162261486053467
9.864972829818726,-0.023726731503508687,6.91263484954834,-6.936361581051848,0.0599733367562294,-2.4174611568450928
9.89827013015747,-0.01888975447160264,6.956005096435547,-6.974894850907149,0.057195935398340225,-2.419045925140381
9.931596517562866,-0.013322805091193478,6.990602493286133,-7.003925298377326,0.05500868335366249,-2.420379638671875
9.964963436126709,-0.013322805091193478,7.025080680847168,-7.038403485938361,0.052879758179187775,-2.4217529296875
9.998250007629395,0.0038613196559412143,7.06804895401001,-7.064187634354068,0.05032430216670036,-2.4234628677368164
10.031594514846802,0.008983421066110256,7.093791961669922,-7.084808540603811,0.048824332654476166,-2.4244489669799805
10.06493878364563,0.011680545939867002,7.128021240234375,-7.116340694294508,0.04683319106698036,-2.42572021484375
10.098237037658691,0.018151147932732554,7.1706132888793945,-7.152462140946662,0.04429439827799797,-2.4272613525390625
10.131862878799438,0.0256070236575935,7.2044854164123535,-7.17887839275476,0.04223887622356415,-2.4284939765930176
10.164950609207153,0.031134753891537945,7.238144397735596,-7.207009643844057,0.040178295224905014,-2.42964506149292
10.198259353637695,0.030567480522762695,7.2799224853515625,-7.2493550048288,0.03760676458477974,-2.4309468269348145
10.231667280197144,0.02718114576065789,7.304867744445801,-7.2776865986851424,0.03609795123338699,-2.431671380996704
10.264962673187256,0.02133586315450835,7.337996482849121,-7.316660619694613,0.034152500331401825,-2.4325969219207764
10.298226118087769,0.020307046632008986,7.379180431365967,-7.358873384733958,0.03183283656835556,-2.4337852001190186
10.331575632095337,0.021018033150435593,7.411957263946533,-7.390939230796097,0.030051201581954956,-2.434710741043091
10.364935636520386,0.021024586000128125,7.444576740264893,-7.4235521542647644,0.028369583189487457,-2.4356648921966553
10.39824104309082,0.02134877994074362,7.485151290893555,-7.463802510952811,0.026444826275110245,-2.4367942810058594
10.431596994400024,0.02001239587331108,7.5094194412231445,-7.489407045349833,0.025430874899029732,-2.4374277591705322
10.464946746826172,0.020011527798599025,7.541711807250977,-7.521700279452378,0.02424929104745388,-2.4382784366607666
10.498273611068726,0.020011527798599025,7.573944091796875,-7.553932563998276,0.023249434307217598,-2.439173936843872
10.531571865081787,0.02327889844743289,7.614169120788574,-7.590890222341141,0.022283559665083885,-2.440213203430176
10.564937591552734,0.0236050039313006,7.646304130554199,-7.622699126622899,0.021756108850240707,-2.440957546234131
10.598253011703491,0.024342102639303666,7.670385360717773,-7.646043258078469,0.021474014967679977,-2.4414737224578857
10.631637573242188,0.02405174483044457,7.70248556137085,-7.678433816540405,0.021248118951916695,-2.442096710205078
10.664924621582031,0.022897776649617542,7.742613315582275,-7.7197155389326575,0.02106885239481926,-2.4427530765533447
10.698251008987427,0.026925678145801466,7.77476692199707,-7.747841243851269,0.0210324265062809,-2.443242073059082
10.73159384727478,0.027643464478721035,7.806954383850098,-7.779310919371377,0.021101346239447594,-2.443732261657715
10.764931678771973,0.027643464478721035,7.847149848937988,-7.819506384459268,0.021388906985521317,-2.4442689418792725
10.798265933990479,0.020325329420298712,7.871224880218506,-7.850899550798207,0.021696554496884346,-2.444553852081299
10.831637144088745,0.015970677967816024,7.90330696105957,-7.887336283091754,0.022255904972553253,-2.444944381713867
10.865123987197876,0.011930820304091485,7.943453311920166,-7.931522491616074,0.02317037619650364,-2.4454617500305176
10.898257732391357,0.00913057755155943,7.975649833679199,-7.96651925612764,0.024081340059638023,-2.4458959102630615
10.93162202835083,0.009131093441858895,8.007939338684082,-7.998808245242223,0.02512090653181076,-2.4463655948638916
10.964936017990112,0.010432151420964491,8.048455238342285,-8.03802308692132,0.026496434584259987,-2.446959972381592
10.998285293579102,0.011933132325510378,8.072868347167969,-8.06093521484246,0.027327032759785652,-2.447327136993408
11.031645059585571,0.015107793472424268,8.10552978515625,-8.090421991683826,0.028421621769666672,-2.4478647708892822
11.064957857131958,0.015107793472424268,8.146546363830566,-8.131438570358142,0.029716534540057182,-2.448601007461548
11.098307847976685,0.015107793472424268,8.179499626159668,-8.164391832687244,0.03069232776761055,-2.449209690093994
11.131638288497925,0.015222844820846447,8.204262733459473,-8.189039888638627,0.031387656927108765,-2.4496636390686035
11.164892673492432,0.019253689441872533,8.253942489624023,-8.23468880018215,0.032539088279008865,-2.450597047805786
11.198244333267212,0.02603550077507393,8.278810501098633,-8.25277500032356,0.03298536688089371,-2.451061964035034
11.231631517410278,0.030635047493802546,8.311955451965332,-8.28132040447153,0.033465247601270676,-2.4516749382019043
11.264904022216797,0.0316470417852757,8.353286743164062,-8.321639701378787,0.0338684618473053,-2.452427864074707
11.298271179199219,0.03620326698107898,8.386245727539062,-8.350042460557983,0.0340353362262249,-2.45302414894104
11.331596612930298,0.03620326698107898,8.419133186340332,-8.382929919359253,0.03407064825296402,-2.4535884857177734
11.364913940429688,0.038536967446964526,8.443757057189941,-8.405220089742977,0.034008413553237915,-2.453996419906616
11.398236274719238,0.04156879962092589,8.484686851501465,-8.443118051880539,0.03373979777097702,-2.4546914100646973
11.431593418121338,0.03977238080002679,8.517325401306152,-8.477553020506125,0.0333322174847126,-2.4552483558654785
11.464997291564941,0.03873591978690612,8.549877166748047,-8.511141246961142,0.032704029232263565,-2.4557955265045166
11.498451232910156,0.0334446930064234,8.590457916259766,-8.557013223253342,0.03161792457103729,-2.456481456756592
11.531585931777954,0.022514100323251834,8.622895240783691,-8.60038114046044,0.03054334595799446,-2.4570419788360596
11.564956903457642,0.014406411472402085,8.647235870361328,-8.632829458888926,0.02961456961929798,-2.4574687480926514
11.598321437835693,0.014406411472402085,8.67975902557373,-8.665352614101328,0.02823285385966301,-2.4580624103546143
11.631592512130737,0.0104249631537859,8.720602989196777,-8.71017802604299,0.026298683136701584,-2.4588098526000977
11.664945125579834,0.010348401935429663,8.753436088562012,-8.743087686626582,0.024635031819343567,-2.4593985080718994
11.69828987121582,0.011015383950678703,8.786432266235352,-8.775416882284674,0.022855106741189957,-2.460052013397217
11.731584072113037,0.011331604979461278,8.827876091003418,-8.816544486023957,0.0204631295055151,-2.4609129428863525
11.764949321746826,0.010347888422161096,8.852829933166504,-8.842482044744342,0.01895761489868164,-2.4614689350128174
11.798269510269165,0.015100811671337538,8.886167526245117,-8.87106671457378,0.01689203642308712,-2.4622483253479004
11.83158802986145,0.0194970033549774,8.927968978881836,-8.908471975526858,0.014251015149056911,-2.4633076190948486
11.864947319030762,0.02432183789704566,8.961526870727539,-8.937205032830493,0.01217668503522873,-2.464184045791626
11.898280143737793,0.030616073759434172,8.995133399963379,-8.964517326203945,0.010158011689782143,-2.4651055335998535
11.931565284729004,0.039854652998743564,9.037140846252441,-8.997286193253698,0.007716994266957045,-2.4662740230560303
11.964913368225098,0.0498611096538626,9.062344551086426,-9.012483441432563,0.006265273783355951,-2.4670159816741943
11.998275518417358,0.0584450282823314,9.095926284790039,-9.037481256507707,0.004350942559540272,-2.468019485473633
12.031565427780151,0.06307951386851635,9.137839317321777,-9.074759803453261,0.0020056227222085,-2.469233989715576
12.064911365509033,0.06395046789185392,9.17129898071289,-9.107348512821037,0.00019237490778323263,-2.4700915813446045
12.098292589187622,0.0625284575670974,9.204663276672363,-9.142134819105266,-0.001536968513391912,-2.470818281173706
12.131558179855347,0.05984093983618292,9.246214866638184,-9.186373926802,-0.0035010084975510836,-2.4715864658355713
12.164985418319702,0.05614361664042825,9.27108383178711,-9.214940215146681,-0.004584779962897301,-2.471996545791626
12.198282241821289,0.052644968083862174,9.30419635772705,-9.251551389643188,-0.005932624451816082,-2.472524404525757
12.23161244392395,0.05287784272271874,9.33725357055664,-9.284375727833922,-0.007193877827376127,-2.473011016845703
12.264913082122803,0.053413927533716064,9.37843132019043,-9.325017392656713,-0.008633618243038654,-2.4736392498016357
12.29826307296753,0.054812001109694565,9.411247253417969,-9.356435252308275,-0.009674714878201485,-2.4741220474243164
12.331642389297485,0.05564635330901069,9.435830116271973,-9.380183762962963,-0.010391424410045147,-2.4745078086853027
12.364949703216553,0.056924285832273026,9.476724624633789,-9.419800338801515,-0.011488005518913269,-2.4751248359680176
12.3983895778656,0.058682614890412675,9.509355545043945,-9.450672930153532,-0.012309648096561432,-2.4756522178649902
12.431585311889648,0.06097635664238809,9.54190731048584,-9.480930953843451,-0.013124030083417892,-2.4761922359466553
12.464970588684082,0.06291670532070552,9.582524299621582,-9.519607594300876,-0.014184409752488136,-2.4769065380096436
12.498292684555054,0.05802821652693106,9.60690689086914,-9.548878674342209,-0.01487762201577425,-2.477357864379883
12.531580686569214,0.057370908654835295,9.639446258544922,-9.582075349890086,-0.015847159549593925,-2.477905035018921
12.564971923828125,0.056921517361811724,9.672028541564941,-9.61510702420313,-0.016861198469996452,-2.47839093208313
12.59827971458435,0.06503204496727216,9.712847709655762,-9.647815664688489,-0.01818758435547352,-2.478886127471924
12.631633996963501,0.07427931160861012,9.745579719543457,-9.671300407934847,-0.019259724766016006,-2.4791646003723145
12.6649489402771,0.07720542107121069,9.778345108032227,-9.701139686961016,-0.020319780334830284,-2.4793589115142822
12.698256254196167,0.08246348300248227,9.81927490234375,-9.736811419341267,-0.02159961871802807,-2.4794998168945312
12.731586217880249,0.08246348300248227,9.843769073486328,-9.761305590483845,-0.022349132224917412,-2.4795148372650146
12.764984846115112,0.07315309587826939,9.876360893249512,-9.803207797371241,-0.023338165134191513,-2.4794912338256836
12.79830527305603,0.0758562074575169,9.917011260986328,-9.84115505352881,-0.024583905935287476,-2.4793994426727295
12.83171534538269,0.07910806706739103,9.949446678161621,-9.87033861109423,-0.02554946020245552,-2.4792728424072266
12.864996671676636,0.08321241663644142,9.973730087280273,-9.890517670643831,-0.026258409023284912,-2.4791758060455322
12.898252725601196,0.08321241663697997,10.022197723388672,-9.938985306751691,-0.027654903009533882,-2.4789538383483887
12.931585788726807,0.07728591985903836,10.04639720916748,-9.969111289308442,-0.028350135311484337,-2.478848695755005
12.96499252319336,0.07176762739778378,10.07861614227295,-10.006848514875166,-0.02920294553041458,-2.4787018299102783
12.99827241897583,0.0691256681833238,10.118809700012207,-10.049684031828884,-0.030102500692009926,-2.4785070419311523
13.031578779220581,0.06769880845275941,10.150899887084961,-10.083201078632202,-0.030683552846312523,-2.478266716003418
13.06495714187622,0.06291670531153083,10.18299388885498,-10.120077183543449,-0.03110739029943943,-2.4780166149139404
13.098246335983276,0.05696429074145075,10.215129852294922,-10.15816556155347,-0.03137218579649925,-2.4778096675872803
13.131625413894653,0.05369015771436207,10.247330665588379,-10.193640507874017,-0.03152651712298393,-2.4775846004486084
13.164944648742676,0.0555044227909729,10.279593467712402,-10.22408904492143,-0.03161025047302246,-2.477332830429077
13.198249816894531,0.0581783927153076,10.311907768249512,-10.253729375534204,-0.031642377376556396,-2.477036476135254
13.231624603271484,0.05695841391792715,10.352339744567871,-10.295381330649944,-0.0316002331674099,-2.476592540740967
13.265127182006836,0.059584812920017265,10.384705543518066,-10.32512073059805,-0.03149120882153511,-2.4761862754821777
13.298281192779541,0.06597755100615138,10.409008979797363,-10.343031428791212,-0.03135058656334877,-2.475874423980713
13.331576824188232,0.06770724830363319,10.449552536010742,-10.381845287707108,-0.031008921563625336,-2.475410223007202
13.364989042282104,0.06986563610277179,10.481996536254883,-10.41213090015211,-0.03065963089466095,-2.4749841690063477
13.398297786712646,0.0677159317774105,10.514471054077148,-10.446755122299738,-0.03028976544737816,-2.474494218826294
13.431716442108154,0.06401468915390836,10.555096626281738,-10.49108193712783,-0.02986830100417137,-2.4738705158233643
13.464979887008667,0.06098112334385641,10.587626457214355,-10.5266453338705,-0.029584936797618866,-2.473341941833496
13.498321294784546,0.06403465255473346,10.612030982971191,-10.547996330416458,-0.029410911723971367,-2.4729738235473633
13.531694173812866,0.06619284229291383,10.644564628601074,-10.57837178630816,-0.02924543246626854,-2.472508430480957
13.564945936203003,0.06618348548923451,10.685172080993652,-10.618988595504417,-0.02921210788190365,-2.4719204902648926
13.598311424255371,0.06198081722265664,10.71760082244873,-10.655620005226075,-0.029381966218352318,-2.471412420272827
13.631629943847656,0.05936989774558395,10.75000286102295,-10.690632963277364,-0.029729394242167473,-2.470924139022827
13.664963722229004,0.05529720386123636,10.782381057739258,-10.727083853878021,-0.030238443985581398,-2.4704935550689697
13.69828724861145,0.05122491626009694,10.8147611618042,-10.763536245544103,-0.030860984697937965,-2.470123767852783
13.731657028198242,0.04881353387781445,10.84717082977295,-10.798357295895135,-0.031555719673633575,-2.4698410034179688
13.764965295791626,0.05399157061897648,10.887744903564453,-10.833753332945477,-0.032508980482816696,-2.4695651531219482
13.798319816589355,0.056921517361811724,10.92026424407959,-10.863342726717779,-0.03333623334765434,-2.4694247245788574
13.831664562225342,0.06404184386184346,10.952842712402344,-10.8888008685405,-0.03418436646461487,-2.469348430633545
13.864939451217651,0.07025757388520998,10.985438346862793,-10.915180772977584,-0.035085052251815796,-2.469212055206299
13.898388385772705,0.07025757388520998,11.018062591552734,-10.947805017667525,-0.03605141118168831,-2.4690592288970947
13.93169379234314,0.08536353554050258,11.050688743591309,-10.965325208050807,-0.037070270627737045,-2.4688665866851807
13.964916706085205,0.09652842489992203,11.09140396118164,-10.994875536281718,-0.03836305812001228,-2.4686203002929688
13.998272180557251,0.10573013331073171,11.123812675476074,-11.018082542165342,-0.039383284747600555,-2.4684364795684814
14.031692028045654,0.1137771911346127,11.147994041442871,-11.034216850308258,-0.04010460525751114,-2.468367338180542
14.064894914627075,0.11389588737917782,11.195989608764648,-11.08209372138547,-0.041472822427749634,-2.468370199203491
14.098274946212769,0.1116277683080751,11.227717399597168,-11.116089631289093,-0.04222511872649193,-2.46842622756958
14.13176703453064,0.1127607043550767,11.251347541809082,-11.138586837454005,-0.04270332679152489,-2.468456506729126
14.165029764175415,0.1127543736720002,11.282673835754395,-11.169919462082394,-0.04322470724582672,-2.468470811843872
14.198262453079224,0.10692140419197013,11.321586608886719,-11.214665204694748,-0.04367133229970932,-2.468461275100708
14.231609582901001,0.09946043901437654,11.344820976257324,-11.245360537242947,-0.04380537196993828,-2.4684691429138184
14.265056848526001,0.09134871664641837,11.37569808959961,-11.28434937295319,-0.0438968725502491,-2.4684743881225586
14.298255681991577,0.0838887760934843,11.414161682128906,-11.330272906035422,-0.04386046528816223,-2.468513011932373
14.331741094589233,0.07990224447351747,11.44486141204834,-11.364959167574822,-0.04368848726153374,-2.4686098098754883
14.36497974395752,0.08124657488873642,11.475530624389648,-11.394284049500913,-0.04340280964970589,-2.46877121925354
14.398350715637207,0.07776513210568804,11.506172180175781,-11.428407048070094,-0.04296625033020973,-2.4689836502075195
14.431688785552979,0.07615291904714121,11.544506072998047,-11.468353153950906,-0.042172499001026154,-2.4692797660827637
14.464997291564941,0.07309459125918263,11.56760025024414,-11.494505658984957,-0.04155748710036278,-2.469466209411621
14.498318672180176,0.07209264823218949,11.598515510559082,-11.526422862326893,-0.040599122643470764,-2.469709873199463
14.53174376487732,0.06886813471276036,11.637396812438965,-11.568528677726205,-0.039130471646785736,-2.4700140953063965
14.565022945404053,0.06901442223432878,11.668719291687012,-11.599704869452683,-0.03778800368309021,-2.470261812210083
14.598352670669556,0.07028440133030239,11.69227409362793,-11.621989692297626,-0.036751046776771545,-2.4704442024230957
14.63175892829895,0.06804158743460806,11.739603042602539,-11.67156145516793,-0.03464052453637123,-2.4708211421966553
14.665030717849731,0.06476058069213944,11.763374328613281,-11.698613747921142,-0.03359811007976532,-2.471025228500366
14.698422193527222,0.06398699453270021,11.795144081115723,-11.731157086583023,-0.03219107538461685,-2.4712908267974854
14.731688261032104,0.060855564239409986,11.835022926330566,-11.774167362091156,-0.030419733375310898,-2.471601724624634
14.764991760253906,0.0567794462787633,11.867067337036133,-11.810287890757369,-0.028984621167182922,-2.4718518257141113
14.798389911651611,0.052450913958940755,11.899267196655273,-11.846816282696333,-0.02746875211596489,-2.4720499515533447
14.83163571357727,0.04917568542571745,11.931635856628418,-11.8824601712027,-0.025797370821237564,-2.4722495079040527
14.865139484405518,0.04778718094719541,11.964129447937012,-11.916342266989817,-0.024072211235761642,-2.472447156906128
14.898369789123535,0.04381380998451571,11.996764183044434,-11.952950373059918,-0.022344956174492836,-2.472599983215332
14.931679725646973,0.037634837858351006,12.037752151489258,-12.000117313630907,-0.0203319750726223,-2.4727730751037598
14.965160846710205,0.03158646342126185,12.07066822052002,-12.039081757098758,-0.0188974030315876,-2.4729342460632324
14.998559474945068,0.030654406053644553,12.095385551452637,-12.064731145398992,-0.01792314648628235,-2.473095178604126
15.031577348709106,0.027094142689215815,12.136621475219727,-12.109527332530512,-0.01652728207409382,-2.473392963409424
15.064921379089355,0.026567151903411336,12.169641494750977,-12.143074342847566,-0.01564730703830719,-2.473714590072632
15.098347425460815,0.025419684369450517,12.202740669250488,-12.177320984881037,-0.015015625394880772,-2.4740734100341797
15.131959915161133,0.029472656982791508,12.23593807220459,-12.206465415221798,-0.014648642390966415,-2.4744317531585693
15.164898157119751,0.03102719041690477,12.277523040771484,-12.246495850354579,-0.014604071155190468,-2.4748241901397705
15.198453664779663,0.033605494432480454,12.310799598693848,-12.277194104261367,-0.014940788969397545,-2.4750821590423584
15.231767177581787,0.041018930043377505,12.3357572555542,-12.294738325510822,-0.015366479754447937,-2.4752259254455566
15.265098333358765,0.04991429237921794,12.369023323059082,-12.319109030679865,-0.01609577238559723,-2.4753665924072266
15.29838490486145,0.061358041237053684,12.410555839538574,-12.349197798301521,-0.017267044633626938,-2.4754927158355713
15.331665754318237,0.0703799363299811,12.443717956542969,-12.373338020212987,-0.01840466633439064,-2.4755256175994873
15.36514163017273,0.08033411787100647,12.468526840209961,-12.388192722338955,-0.019331013783812523,-2.4755935668945312
15.398574352264404,0.08592727888300095,12.517931938171387,-12.432004659288387,-0.02124563790857792,-2.475818634033203
15.43176531791687,0.09001662569973147,12.542428016662598,-12.452411390962865,-0.022257626056671143,-2.4759347438812256
15.465110778808594,0.09496456477010423,12.574910163879395,-12.479945599109291,-0.02364770695567131,-2.476078510284424
15.49858832359314,0.09596915151088038,12.615245819091797,-12.519276667580916,-0.02544742077589035,-2.4762423038482666
15.531788349151611,0.09596915151088038,12.647342681884766,-12.551373530373885,-0.02690177783370018,-2.4764575958251953
15.565126657485962,0.1022877448012127,12.679306030273438,-12.577018285472224,-0.02835080958902836,-2.4767467975616455
15.598488807678223,0.10727866311216648,12.711116790771484,-12.603838127659317,-0.029769740998744965,-2.4770562648773193
15.6319899559021,0.10633031303773796,12.750567436218262,-12.644237123180524,-0.03157677873969078,-2.477397918701172
15.665154457092285,0.10876046763958207,12.774051666259766,-12.665291198620183,-0.03268205374479294,-2.4775235652923584
15.698336362838745,0.10896618100580288,12.812911987304688,-12.703945806298885,-0.03445802256464958,-2.477649688720703
15.731894493103027,0.10638139694294887,12.843750953674316,-12.737369556731368,-0.035805802792310715,-2.4776675701141357
15.765389680862427,0.10228973665208207,12.874432563781738,-12.772142827129656,-0.037065230309963226,-2.4776229858398438
15.798444986343384,0.09886743396978731,12.91260051727295,-12.813733083303163,-0.03849309682846069,-2.477591037750244
15.831725120544434,0.09901934494123554,12.935418128967285,-12.83639878402605,-0.03926395997405052,-2.477560520172119
15.86520004272461,0.09754755735562198,12.965741157531738,-12.868193600176117,-0.04020245745778084,-2.4774534702301025
15.898248672485352,0.09490329942779961,13.003488540649414,-12.908585241221614,-0.04129040613770485,-2.4771993160247803
15.931571006774902,0.09148965413786139,13.033564567565918,-12.942074913428057,-0.04210507497191429,-2.4769372940063477
15.965168714523315,0.08669209140471394,13.056075096130371,-12.969383004725657,-0.042674481868743896,-2.47672438621521
15.998538732528687,0.08023290612833679,13.086003303527832,-13.005770397399495,-0.04335959255695343,-2.4764671325683594
16.031798124313354,0.07868867807636308,13.11586856842041,-13.037179890344047,-0.04393255338072777,-2.476161241531372
16.065160036087036,0.07369627448927618,13.153129577636719,-13.079433303147443,-0.04447638615965843,-2.4756808280944824
16.098746299743652,0.06797890201462888,13.182883262634277,-13.114904360619649,-0.044750846922397614,-2.475273609161377
16.1320321559906,0.061448634168561334,13.220110893249512,-13.15866225908095,-0.044883113354444504,-2.474825143814087
16.165176153182983,0.05467419398492952,13.24996566772461,-13.19529147373968,-0.04483182355761528,-2.4744961261749268
16.19844365119934,0.05467419398492952,13.272391319274902,-13.217717125289973,-0.04470954090356827,-2.474261999130249
16.231940746307373,0.04700342269821781,13.3098726272583,-13.262869204560083,-0.04435064271092415,-2.4738776683807373
16.26506233215332,0.03695864941934176,13.3399658203125,-13.303007170893158,-0.04389328882098198,-2.4735922813415527
16.298563718795776,0.03031469088039959,13.370185852050781,-13.339871161170382,-0.04334462806582451,-2.4732916355133057
16.331972122192383,0.03031469088039959,13.392946243286133,-13.362631552405734,-0.04285800829529762,-2.4730875492095947
16.365225791931152,0.02440890291824824,13.43110179901123,-13.406692896092983,-0.041961122304201126,-2.4728829860687256
16.398424863815308,0.018392643592885893,13.461896896362305,-13.443504252769419,-0.041176002472639084,-2.4727251529693604
16.431915760040283,0.013540327971842714,13.49293041229248,-13.479390084320638,-0.040299657732248306,-2.472527265548706
16.465174198150635,0.013529630305479537,13.532078742980957,-13.518549112675478,-0.03911969065666199,-2.472315788269043
16.498514652252197,0.013519100808381774,13.56367015838623,-13.550151057577848,-0.03804660961031914,-2.472135543823242
16.531911373138428,0.01554412570270094,13.595492362976074,-13.579948237273372,-0.03695043548941612,-2.471989154815674
16.56505823135376,0.021357982765938192,13.627517700195312,-13.606159717429374,-0.0358591191470623,-2.4718680381774902
16.59850835800171,0.025753796156779137,13.659737586975098,-13.633983790818318,-0.034752488136291504,-2.471785545349121
16.631818771362305,0.02877090635673955,13.692098617553711,-13.663327711196972,-0.0336528979241848,-2.471785306930542
16.664921522140503,0.0358921946053212,13.732794761657715,-13.696902567052394,-0.032395683228969574,-2.4719109535217285
16.698341608047485,0.039585402706443916,13.765442848205566,-13.725857445499123,-0.03152405098080635,-2.4720618724823
16.731953144073486,0.04075846794090293,13.798187255859375,-13.757428787918473,-0.030738143250346184,-2.472153663635254
16.76490545272827,0.03284717435986403,13.83098030090332,-13.798133126543457,-0.02999643236398697,-2.4722166061401367
16.79830288887024,0.026682958892397402,13.863846778869629,-13.837163819977231,-0.029312051832675934,-2.4722836017608643
16.83180832862854,0.02436673575363211,13.89676284790039,-13.872396112146758,-0.028676103800535202,-2.472423553466797
16.865540981292725,0.02436673575363211,13.929738998413086,-13.905372262659453,-0.028114167973399162,-2.4725587368011475
16.898268699645996,0.026708932390223025,13.97104263305664,-13.944333700666418,-0.027534721419215202,-2.472836971282959
16.931771755218506,0.03520448685395288,13.995844841003418,-13.960640354149465,-0.027202576398849487,-2.473036766052246
16.9656720161438,0.04028429718086527,14.037163734436035,-13.99687943725517,-0.02662028931081295,-2.4733448028564453
16.998243808746338,0.046212723378931383,14.070134162902832,-14.023921439523901,-0.026130547747015953,-2.4735989570617676
17.03180456161499,0.04848482964380049,14.10299015045166,-14.05450532080786,-0.0256333164870739,-2.4738287925720215
17.065330505371094,0.05031370750351385,14.135743141174316,-14.085429433670802,-0.025099072605371475,-2.4739906787872314
17.09853172302246,0.0505432682218107,14.176551818847656,-14.126008550625846,-0.02430165745317936,-2.474104166030884
17.131764888763428,0.05441514401055694,14.201011657714844,-14.146596513704287,-0.023743489757180214,-2.4741599559783936
17.16518473625183,0.05832390259908399,14.233579635620117,-14.175255733021034,-0.022876059636473656,-2.474184274673462
17.1985023021698,0.06550146239537238,14.266104698181152,-14.20060323578578,-0.0218605138361454,-2.4741392135620117
17.23168921470642,0.07211489751343761,14.306629180908203,-14.234514283394766,-0.020435256883502007,-2.4740662574768066
17.26521062850952,0.08030289315349741,14.338866233825684,-14.258563340672186,-0.01912260614335537,-2.473956346511841
17.298423290252686,0.08716776296565328,14.362875938415527,-14.275708175449875,-0.018034759908914566,-2.4738237857818604
17.33167052268982,0.08400412370020342,14.40263843536377,-14.318634311663565,-0.016161777079105377,-2.4737069606781006
17.365243196487427,0.08456537892861633,14.434234619140625,-14.349669240212009,-0.014603011310100555,-2.4736077785491943
17.398363828659058,0.08588395425124126,14.465685844421387,-14.379801890170146,-0.013017784804105759,-2.473543167114258
17.431625366210938,0.08588395425124126,14.504789352416992,-14.418905398165752,-0.011029879562556744,-2.4735875129699707
17.46525001525879,0.08588395425124126,14.535896301269531,-14.45001234701829,-0.009449932724237442,-2.473717212677002
17.498650789260864,0.08588315770547642,14.566890716552734,-14.481007558847258,-0.007901388220489025,-2.4739272594451904
17.531714916229248,0.08137211447843018,14.605371475219727,-14.523999360741296,-0.006101478822529316,-2.4742698669433594
17.566168308258057,0.08177730784281395,14.628376960754395,-14.546599652911581,-0.0050709983333945274,-2.4745121002197266
17.59855842590332,0.07767266954188966,14.658909797668457,-14.581237128126567,-0.003781005507335067,-2.4748311042785645
17.632132291793823,0.07767266954188966,14.696892738342285,-14.619220068800395,-0.002233315957710147,-2.475193500518799
17.665034770965576,0.062064255517051345,14.727254867553711,-14.66519061203666,-0.0010554699692875147,-2.4754855632781982
17.69852614402771,0.057160105250954545,14.750036239624023,-14.69287613437307,-0.00020637035777326673,-2.4756972789764404
17.731812000274658,0.053061165333534936,14.795652389526367,-14.742591224192832,0.0014392146840691566,-2.4761159420013428
17.764928102493286,0.050247015500114185,14.818496704101562,-14.768249688601449,0.002225373638793826,-2.476313591003418
17.798433542251587,0.0489659535079701,14.849008560180664,-14.800042606672694,0.0032529898453503847,-2.4765727519989014
17.83176016807556,0.04750474611764353,14.879633903503418,-14.832129157385774,0.004169339779764414,-2.47676157951355
17.864922046661377,0.043405718873025925,14.918083190917969,-14.874677472044942,0.005111880134791136,-2.476806402206421
17.898463249206543,0.04077756257549474,14.941211700439453,-14.900434137863959,0.005558663047850132,-2.4767839908599854
17.9317946434021,0.04078145095392737,14.972095489501953,-14.931314038548026,0.006015606224536896,-2.4766805171966553
17.965454578399658,0.040785612876705665,15.00307846069336,-14.962292847816654,0.006301737856119871,-2.4765148162841797
17.998745918273926,0.03931164300200254,15.041936874389648,-15.002625231387645,0.006407107226550579,-2.476214647293091
18.03196096420288,0.03669664287758306,15.073060989379883,-15.0363643465023,0.006319745443761349,-2.475985288619995
18.065146684646606,0.03521324479475994,15.096430778503418,-15.061217533708659,0.006156824994832277,-2.4757962226867676
18.098596334457397,0.03123661527211181,15.135451316833496,-15.104214701561384,0.0057115936651825905,-2.4753992557525635
18.131916761398315,0.03111327697437284,15.166738510131836,-15.135625233157462,0.0052285087294876575,-2.4750289916992188
18.16522479057312,0.027013666671395747,15.198112487792969,-15.171098821121573,0.004598266910761595,-2.474679708480835
18.198411226272583,0.020305346431176756,15.237460136413574,-15.217154789982397,0.003633815096691251,-2.4743573665618896
18.232126235961914,0.014715132889635241,15.269013404846191,-15.254298271956555,0.0027735198382288218,-2.4741644859313965
18.26506733894348,0.013295677957931061,15.292723655700684,-15.279427977742753,0.0021045985631644726,-2.4740090370178223
18.298324823379517,0.00846575514386551,15.332365989685059,-15.323900234541194,0.0009805174777284265,-2.473724126815796
18.331716775894165,0.00651957027919466,15.364202499389648,-15.357682929110453,9.908217180054635e-05,-2.4735524654388428
18.3650119304657,0.00404341118739848,15.396136283874512,-15.392092872687114,-0.0007083844393491745,-2.4734082221984863
18.398279666900635,-0.001159281902320497,15.436176300048828,-15.437335581951148,-0.0015690131112933159,-2.473205804824829
18.431647777557373,-0.0032224026867074566,15.468268394470215,-15.471490797156923,-0.002135681454092264,-2.47306752204895
18.465041399002075,-0.0011401239610358232,15.500415802001953,-15.50155592596299,-0.002565107773989439,-2.4729466438293457
18.49848699569702,0.004685814338481984,15.532623291015625,-15.527937476677144,-0.0028402558527886868,-2.472829818725586
18.531651973724365,0.009076525361344833,15.564908027648926,-15.555831502287582,-0.0029448082204908133,-2.472731590270996
18.56509757041931,0.013515764476682601,15.597305297851562,-15.58378953337488,-0.0029089818708598614,-2.4726669788360596
18.598737955093384,0.01984327395881757,15.629778861999512,-15.609935588040694,-0.00271412986330688,-2.4726080894470215
18.631642818450928,0.02489841857821832,15.670426368713379,-15.645527950135161,-0.0022232781630009413,-2.472536563873291
18.665127277374268,0.03784010201193686,15.702906608581543,-15.665066506569605,-0.0016625940334051847,-2.4725120067596436
18.69860577583313,0.04895802886020594,15.727229118347168,-15.678271089486962,-0.0011624876642599702,-2.4725215435028076
18.73162579536438,0.05645773909487189,15.767617225646973,-15.7111594865521,-0.00013316205877345055,-2.472562551498413
18.765188217163086,0.0616268999524244,15.799775123596191,-15.738148223643767,0.0008814589818939567,-2.4725639820098877
18.798548460006714,0.06241913647236672,15.831795692443848,-15.769376555971482,0.0020240675657987595,-2.472546100616455
18.831621646881104,0.06536629192684676,15.871610641479492,-15.806244349552646,0.0035975442733615637,-2.472604751586914
18.8650164604187,0.06464516964968167,15.895390510559082,-15.8307453409094,0.004617081023752689,-2.472642421722412
18.89838719367981,0.068317081064067,15.92689037322998,-15.858573292165913,0.0060699861496686935,-2.4727015495300293
18.93187427520752,0.07008070103285102,15.966020584106445,-15.895939883073595,0.008022078312933445,-2.4727818965911865
18.965057373046875,0.07151994987503468,15.997124671936035,-15.925604722061001,0.009631902910768986,-2.4728500843048096
18.998331785202026,0.07829669414711757,16.02804183959961,-15.949745145452491,0.01126532256603241,-2.4728646278381348
19.031927585601807,0.07829669414711757,16.051124572753906,-15.972827878606788,0.01250192616134882,-2.4728331565856934
19.065051078796387,0.07829567471673346,16.097108840942383,-16.018813166225648,0.01495538279414177,-2.4727654457092285
19.098543643951416,0.07767861333813593,16.120033264160156,-16.04235465082202,0.01615304872393608,-2.4727394580841064
19.13170051574707,0.07826606495042007,16.150497436523438,-16.072231371573018,0.017680292949080467,-2.4726755619049072
19.165083169937134,0.07613491034985102,16.188488006591797,-16.112353096241947,0.01938997395336628,-2.472564697265625
19.198394060134888,0.07456349676434285,16.218814849853516,-16.144251353089174,0.02058470994234085,-2.4724957942962646
19.231671810150146,0.07420592120778038,16.24152183532715,-16.167315914119367,0.02138284407556057,-2.472435235977173
19.264925003051758,0.07422965395461309,16.279312133789062,-16.20508247983445,0.022438406944274902,-2.472325086593628
19.298323392868042,0.07422965395461309,16.30944061279297,-16.235210958838355,0.023027554154396057,-2.4722399711608887
19.3318133354187,0.0742368017747923,16.339479446411133,-16.26524264463634,0.023331044241786003,-2.472170829772949
19.36490511894226,0.05367814029986582,16.376951217651367,-16.3232730773515,0.02331509068608284,-2.4720847606658936
19.398314714431763,0.041348265560207854,16.406879425048828,-16.36553115948862,0.022978803142905235,-2.4720065593719482
19.431759357452393,0.041348265560207854,16.436779022216797,-16.395430756656587,0.02230801060795784,-2.4718761444091797
19.46492862701416,0.03313212969560045,16.474069595336914,-16.440937465641312,0.02092156559228897,-2.47169828414917
19.498269081115723,0.014308550185052936,16.496458053588867,-16.482149503403814,0.019810602068901062,-2.4715704917907715
19.531601190567017,0.0019208221861560242,16.526405334472656,-16.5244845122865,0.01801508106291294,-2.47143292427063
19.564949989318848,0.0019208221861560242,16.56415557861328,-16.562234756427124,0.015369409695267677,-2.471338987350464
19.59824275970459,-0.020269496389092305,16.59465217590332,-16.61492167229241,0.01295281108468771,-2.4713237285614014
19.631593942642212,-0.02752298891017574,16.61770248413086,-16.645225473041034,0.011022086255252361,-2.4713311195373535
19.664899826049805,-0.030865504357918357,16.6566162109375,-16.68748171529542,0.00751953199505806,-2.4714293479919434
19.698410511016846,-0.030865504357918357,16.688161849975586,-16.719027354333505,0.00458069471642375,-2.4715678691864014
19.731558799743652,-0.032485566213049405,16.72008514404297,-16.75257071025602,0.0015730257146060467,-2.4717462062835693
19.765028476715088,-0.02700830590884903,16.7604923248291,-16.787500630737952,-0.0021138880401849747,-2.4720864295959473
19.798240184783936,-0.02025595846437842,16.793182373046875,-16.813438331511254,-0.004929901100695133,-2.4724464416503906
19.831578731536865,-0.01464474954097975,16.826141357421875,-16.840786106962856,-0.007592371664941311,-2.4727864265441895
19.864928245544434,-0.009743003612357337,16.851011276245117,-16.860754279857474,-0.009488511830568314,-2.4730124473571777
19.89823579788208,-0.005595006063708676,16.892711639404297,-16.898306645468004,-0.012445539236068726,-2.47332501411438
19.931565761566162,-0.002272165351356516,16.92629051208496,-16.928562677436318,-0.01458403654396534,-2.4735348224639893
19.965302228927612,-0.002272165351356516,16.960054397583008,-16.962326562934365,-0.01654120162129402,-2.4737210273742676
19.998350620269775,0.015330030259894635,17.00247573852539,-16.987145708265498,-0.01868969015777111,-2.473989486694336
20.031599283218384,0.027531537777649155,17.03653907775879,-17.00900753998114,-0.02018759585916996,-2.474278211593628
20.06496524810791,0.03422596148337279,17.0621337890625,-17.027907827579128,-0.02117634192109108,-2.4744973182678223
20.098334789276123,0.03422596148337279,17.09628677368164,-17.06206081219827,-0.022335540503263474,-2.474828004837036
20.13159942626953,0.05393865828673838,17.138952255249023,-17.085013596962284,-0.023604799062013626,-2.475290298461914
20.164950132369995,0.05532414057715653,17.172988891601562,-17.117664751024407,-0.02445836365222931,-2.475632429122925
20.198267459869385,0.058087785804147904,17.198448181152344,-17.140360395348196,-0.025000378489494324,-2.4758822917938232
20.231584787368774,0.058087785804147904,17.240785598754883,-17.182697812950735,-0.025639232248067856,-2.4763407707214355
20.2649085521698,0.0603216130961114,17.27459716796875,-17.21427555487264,-0.025905439630150795,-2.476706027984619
20.298256874084473,0.0659004770257704,17.308324813842773,-17.242424336817002,-0.025920294225215912,-2.4771244525909424
20.331573247909546,0.07417508873146296,17.350303649902344,-17.276128561170882,-0.025656547397375107,-2.477771043777466
20.364917755126953,0.08298255100024012,17.38371467590332,-17.30073212490308,-0.025218315422534943,-2.478358030319214
20.398253202438354,0.08517679338371953,17.416954040527344,-17.331777247143624,-0.02462138421833515,-2.4789183139801025
20.431581735610962,0.08374357684215127,17.450029373168945,-17.366285796326792,-0.02393186278641224,-2.4794294834136963
20.464995622634888,0.08101875496892018,17.48293113708496,-17.40191238211604,-0.02318047359585762,-2.4798941612243652
20.49824070930481,0.07772583301257653,17.515666961669922,-17.437941128657346,-0.022389637306332588,-2.4802944660186768
20.531555652618408,0.0780217555068789,17.55640983581543,-17.47838808030855,-0.02140817977488041,-2.480717420578003
20.56492280960083,0.07686545557499394,17.588815689086914,-17.51195023351192,-0.020660387352108955,-2.480930805206299
20.598278045654297,0.08101347354341358,17.61302947998047,-17.532016006437054,-0.02011570706963539,-2.4810433387756348
20.63163948059082,0.08634465880527165,17.645212173461914,-17.558867514656644,-0.01944402977824211,-2.4811923503875732
20.66492986679077,0.0904933528854328,17.68527603149414,-17.59478267860871,-0.018783582374453545,-2.481365919113159
20.698368072509766,0.09048499312668437,17.71721076965332,-17.626725776526637,-0.01839815080165863,-2.48146653175354
20.731605052947998,0.087129885780992,17.749042510986328,-17.661912625205336,-0.0181287731975317,-2.4815356731414795
20.764896869659424,0.08631931440761888,17.788654327392578,-17.70233501298496,-0.017924102023243904,-2.4816601276397705
20.798276901245117,0.081086544003966,17.820215225219727,-17.73912868121576,-0.017868222668766975,-2.48174786567688
20.831794261932373,0.07202517519915118,17.84381866455078,-17.77179348935163,-0.017887206748127937,-2.481807231903076
20.86490249633789,0.06028586113456736,17.883058547973633,-17.822772686839066,-0.01802792213857174,-2.481898784637451
20.89828896522522,0.05308482891523535,17.91441535949707,-17.861330530581835,-0.01818959228694439,-2.481945514678955
20.9317409992218,0.0448292806632802,17.94577407836914,-17.90094479770586,-0.018420739099383354,-2.481940507888794
20.96488904953003,0.04066844100257262,17.985015869140625,-17.94434742813805,-0.018836045637726784,-2.481926202774048
20.998260736465454,0.03435111320140045,18.01646614074707,-17.98211502754567,-0.01929435133934021,-2.4819858074188232
21.03158187866211,0.030173544890739343,18.04010009765625,-18.00992655276551,-0.019701946526765823,-2.482025146484375
21.064920902252197,0.030168893838805066,18.07170867919922,-18.041539785360413,-0.02033969946205616,-2.482043743133545
21.098267316818237,0.03309766439251964,18.111398696899414,-18.078301032506893,-0.021264338865876198,-2.4821391105651855
21.13160467147827,0.0364857872356409,18.143266677856445,-18.106780890620804,-0.022082587704062462,-2.4822959899902344
21.164921760559082,0.04063005238982325,18.175235748291016,-18.134605695901193,-0.02294049970805645,-2.482513427734375
21.198242902755737,0.0447748537281964,18.2153377532959,-18.170562899567702,-0.024030182510614395,-2.482841968536377
21.23158621788025,0.04900940443496531,18.239431381225586,-18.19042197679062,-0.02467154525220394,-2.483086347579956
21.264944076538086,0.05452573166348289,18.271556854248047,-18.217031122584565,-0.02548227831721306,-2.4834542274475098
21.298248767852783,0.06137257701718846,18.311695098876953,-18.250322521859765,-0.02632346749305725,-2.4838979244232178
21.33160710334778,0.06567852486433783,18.34373664855957,-18.27805812369523,-0.026822540909051895,-2.4842121601104736
21.364990711212158,0.06979912048447806,18.367721557617188,-18.29792243713271,-0.027084920555353165,-2.4843907356262207
21.398242950439453,0.07060412595977307,18.415529251098633,-18.34492512513886,-0.027238450944423676,-2.4845569133758545
21.431570291519165,0.07629804986959704,18.439363479614258,-18.363065429744662,-0.027142614126205444,-2.484567165374756
21.464963912963867,0.07818115100731786,18.47106170654297,-18.39288055553565,-0.026894530281424522,-2.4845290184020996
21.498276472091675,0.08114602376645781,18.51053810119629,-18.42939207742983,-0.026433145627379417,-2.4844613075256348
21.53158473968506,0.0837828754007909,18.541976928710938,-18.458194053310148,-0.02591160498559475,-2.484433889389038
21.564937829971313,0.08651166944892755,18.57329750061035,-18.486785831161423,-0.025267066434025764,-2.484457015991211
21.598586559295654,0.08456686824078877,18.612321853637695,-18.527754985396907,-0.024343645200133324,-2.484520196914673
21.631574153900146,0.07893806976282508,18.635730743408203,-18.55679267364538,-0.023705333471298218,-2.484539270401001
21.664950370788574,0.07893806976282508,18.66697883605957,-18.588040766296746,-0.022758454084396362,-2.4845917224884033
21.698302268981934,0.06789752108147332,18.69825553894043,-18.630358017858956,-0.021707478910684586,-2.4846713542938232
21.731568098068237,0.06705665249271983,18.73735237121582,-18.6702957187231,-0.02020801603794098,-2.4848453998565674
21.765066862106323,0.07123621029124429,18.760814666748047,-18.689578456456804,-0.019230276346206665,-2.484957218170166
21.798277139663696,0.07375508086988668,18.792112350463867,-18.71835726959398,-0.017804814502596855,-2.485149621963501
21.831597089767456,0.07203319227003593,18.831205368041992,-18.759172175771955,-0.01582614704966545,-2.4853837490081787
21.86494278907776,0.07662899733651064,18.8624210357666,-18.785792038430092,-0.014099330641329288,-2.4855778217315674
21.8983097076416,0.07541332222577996,18.893606185913086,-18.818192863687305,-0.012287137098610401,-2.485781669616699
21.931659936904907,0.07541332222577996,18.9326114654541,-18.85719814322832,-0.009918427094817162,-2.4860241413116455
21.96492910385132,0.07242925610292525,18.96381950378418,-18.891390247681255,-0.00793765950948,-2.4862821102142334
21.998287677764893,0.07242925610292525,18.98720932006836,-18.914780063965434,-0.006407787557691336,-2.4864470958709717
22.031611680984497,0.07242925610292525,19.018354415893555,-18.94592515979063,-0.004344575572758913,-2.4866394996643066
22.064969301223755,0.07123183999497214,19.05720329284668,-18.985971452851707,-0.0016875115688890219,-2.4868390560150146
22.09827208518982,0.07241938757867498,19.088214874267578,-19.0157954866889,0.00042749333078972995,-2.487032175064087
22.131601333618164,0.07241938757867498,19.119140625,-19.046721237421323,0.0024969293735921383,-2.487206220626831
22.164957284927368,0.0668849827316674,19.157712936401367,-19.0908279536697,0.004998879507184029,-2.487438201904297
22.198248863220215,0.05451857374861505,19.180828094482422,-19.126309520733805,0.006472725421190262,-2.4875874519348145
22.23159623146057,0.0452075673987957,19.21163558959961,-19.166428022200815,0.008424732834100723,-2.4877772331237793
22.264915466308594,0.03331456944519705,19.250179290771484,-19.21686472132629,0.010823299176990986,-2.4880077838897705
22.298271894454956,0.024111215679626288,19.28109359741211,-19.256982381732485,0.012697555124759674,-2.4881560802459717
22.331650972366333,0.0165456786849658,19.304359436035156,-19.28781375735019,0.014067230746150017,-2.4882652759552
22.364956378936768,0.009630843532987585,19.343364715576172,-19.333733872043183,0.016290565952658653,-2.4884426593780518
22.398250579833984,0.006275107078066365,19.374820709228516,-19.368545602150448,0.01800365373492241,-2.488679885864258
22.43163275718689,0.006275107078066365,19.406524658203125,-19.400249551125057,0.01966162770986557,-2.4889583587646484
22.46489644050598,0.003015032518915005,19.446517944335938,-19.443502911817024,0.02167508751153946,-2.4893879890441895
22.498252868652344,0.005427363372118375,19.478824615478516,-19.4733972521064,0.023194650188088417,-2.4897913932800293
22.531594276428223,0.011444558416657676,19.511404037475586,-19.49995947905893,0.024634573608636856,-2.490236282348633
22.564887523651123,0.01986856542964814,19.552396774291992,-19.532528208862345,0.026337992399930954,-2.4907965660095215
22.598254680633545,0.02913355882693758,19.577117919921875,-19.547984361094937,0.027290236204862595,-2.491199493408203
22.63161325454712,0.03752340009298984,19.610153198242188,-19.572629798149197,0.028469234704971313,-2.4918112754821777
22.664944648742676,0.04516268013091193,19.643245697021484,-19.598083016890573,0.02954810857772827,-2.4924681186676025
22.698221445083618,0.04516268013091193,19.6846981048584,-19.639535424727487,0.03078666515648365,-2.4933362007141113
22.731600522994995,0.05140392971933725,19.717927932739258,-19.66652400301992,0.03163709491491318,-2.4940919876098633
22.76492714881897,0.05558403000890079,19.742849349975586,-19.687265319966684,0.03218861669301987,-2.49471378326416
22.798262357711792,0.06203568274672949,19.77602195739746,-19.713986274650733,0.032824981957674026,-2.495574474334717
22.831615447998047,0.06203568274672949,19.81730842590332,-19.755272743156592,0.033453427255153656,-2.496591329574585
22.864933967590332,0.06203568274672949,19.850114822387695,-19.788079139640967,0.03377453610301018,-2.4973857402801514
22.898396492004395,0.06545970239405996,19.88277244567871,-19.817312743284653,0.03389483317732811,-2.498147964477539
22.931599617004395,0.061260559481187915,19.915342330932617,-19.85408177145143,0.03383566811680794,-2.498847723007202
22.964949131011963,0.05780515999710443,19.94786834716797,-19.890063187170863,0.03360803797841072,-2.499521255493164
22.998276233673096,0.05376130750802278,19.980375289916992,-19.92661398240897,0.033218637108802795,-2.500188112258911
23.031667232513428,0.04719378550543384,20.02105712890625,-19.973863343400815,0.0324401818215847,-2.501037836074829
23.064929008483887,0.044466506746759865,20.053693771362305,-20.009227264615546,0.031522754579782486,-2.5017647743225098
23.098275661468506,0.04593330116290521,20.08639144897461,-20.040458147811705,0.030398402363061905,-2.5024640560150146
23.13159418106079,0.045467265183014915,20.12738609313965,-20.081918827956635,0.028660302981734276,-2.50325870513916
23.164918422698975,0.04445982080538175,20.152080535888672,-20.10762071508329,0.02742677740752697,-2.5036864280700684
23.198291301727295,0.04525898217366894,20.185108184814453,-20.139849202640786,0.02561349608004093,-2.5041909217834473
23.231569290161133,0.04524595249626091,20.226547241210938,-20.18130128871468,0.023095376789569855,-2.5047409534454346
23.26493549346924,0.04945527674165764,20.259782791137695,-20.210327514396038,0.020911656320095062,-2.505120038986206
23.29829168319702,0.052872147568357133,20.29302978515625,-20.24015763758789,0.018655860796570778,-2.5054357051849365
23.331591844558716,0.052872147568357133,20.32626724243164,-20.273395094863282,0.016347670927643776,-2.5056610107421875
23.36498188972473,0.052872147568357133,20.35946273803711,-20.30659059046875,0.0140455961227417,-2.5057406425476074
23.39839792251587,0.059055435480557666,20.39260482788086,-20.3335493924003,0.011755617335438728,-2.505718231201172
23.431565523147583,0.06543642747369975,20.433937072753906,-20.368500645280207,0.008962223306298256,-2.505582809448242
23.46492314338684,0.07054311844387413,20.466951370239258,-20.396408251795382,0.006844670977443457,-2.50541615486145
23.49832844734192,0.07054940368877578,20.49993324279785,-20.429383839109075,0.00480935862287879,-2.5051748752593994
23.531570434570312,0.06550777496783683,20.532886505126953,-20.467378730159115,0.002859461819753051,-2.5048601627349854
23.56490159034729,0.05928614543305306,20.56582260131836,-20.506536455885307,0.0009865162428468466,-2.5045664310455322
23.59828782081604,0.05848718119542501,20.598764419555664,-20.54027723836024,-0.0008136945543810725,-2.5043187141418457
23.631598949432373,0.06209997797718937,20.639938354492188,-20.577838376514997,-0.002944802865386009,-2.5040805339813232
23.664928913116455,0.06626911135076702,20.67284393310547,-20.606574821754702,-0.004570139106363058,-2.5039360523223877
23.698317289352417,0.06626911135076702,20.705747604370117,-20.63947849301935,-0.006169001571834087,-2.5038294792175293
23.731622219085693,0.07054220246175064,20.730411529541016,-20.659869327079264,-0.007355061825364828,-2.503758668899536
23.765007972717285,0.08642587165391406,20.771440505981445,-20.68501463432753,-0.009261672385036945,-2.50374698638916
23.798336505889893,0.09592674027271074,20.80417251586914,-20.70824577559643,-0.01068724226206541,-2.5038340091705322
23.83156943321228,0.09592674027271074,20.836801528930664,-20.740874788657955,-0.01204675156623125,-2.5039305686950684
23.865095376968384,0.09592674027271074,20.877408981323242,-20.781482241050533,-0.013667291961610317,-2.50405216217041
23.898256301879883,0.0950259958873631,20.90977668762207,-20.81475069173471,-0.01488545536994934,-2.5042285919189453
23.93158745765686,0.09629438168425393,20.933977127075195,-20.837682745390943,-0.015779467299580574,-2.5043551921844482
23.96497392654419,0.0983624886740214,20.966110229492188,-20.867747740818167,-0.01693994551897049,-2.5045127868652344
23.998286724090576,0.0983624886740214,21.006027221679688,-20.907664733005667,-0.01832577772438526,-2.504716157913208
24.031602144241333,0.10017292005931691,21.037778854370117,-20.9376059343108,-0.01934940367937088,-2.504879951477051
24.064924240112305,0.09836453435671877,21.06150245666504,-20.96313792230832,-0.020068377256393433,-2.5050158500671387
24.098262786865234,0.09925135832462006,21.10087776184082,-21.0016264035162,-0.021231330931186676,-2.5051872730255127
24.131983518600464,0.09925135832462006,21.13222885131836,-21.03297749299374,-0.022158050909638405,-2.505422353744507
24.164923429489136,0.1001815768955039,21.16344451904297,-21.063262942147464,-0.02308845706284046,-2.5057268142700195
24.198227882385254,0.10050035031512927,21.202253341674805,-21.101752991359675,-0.02431652694940567,-2.5062317848205566
24.231582403182983,0.09925461175988502,21.23314666748047,-21.133892055720583,-0.02534245140850544,-2.506721019744873
24.264959812164307,0.095034182065787,21.263904571533203,-21.168870389467415,-0.026369743049144745,-2.507158041000366
24.29825735092163,0.09173222441989831,21.302244186401367,-21.210511961981467,-0.027626775205135345,-2.5076770782470703
24.331593990325928,0.0875036716793588,21.32524299621582,-21.237739324536463,-0.02832084894180298,-2.5079660415649414
24.364964246749878,0.08091096612471335,21.355934143066406,-21.275023176941694,-0.029156886041164398,-2.508296251296997
24.398249626159668,0.07668979612760546,21.394309997558594,-21.317620201430987,-0.030099261552095413,-2.5086002349853516
24.432497024536133,0.0705184363988542,21.42500877380371,-21.354490337404858,-0.03071843646466732,-2.5087857246398926
24.464986562728882,0.06442284344653199,21.45572853088379,-21.391305687437256,-0.03121628239750862,-2.508934497833252
24.49826431274414,0.05368608266174168,21.494157791137695,-21.440471708475954,-0.03173941746354103,-2.5091264247894287
24.53162932395935,0.04446102865434033,21.517244338989258,-21.47278331033492,-0.032043375074863434,-2.5092389583587646
24.565038919448853,0.041010981189383885,21.5480899810791,-21.507078999889718,-0.03241373226046562,-2.5093882083892822
24.5985906124115,0.0360418231975977,21.586788177490234,-21.550746354292638,-0.032866932451725006,-2.5095670223236084
24.634505033493042,0.03686039696354559,21.617923736572266,-21.58106333960872,-0.03328810632228851,-2.509735584259033
24.665937423706055,0.030340794965769878,21.64137077331543,-21.61102997834966,-0.033605385571718216,-2.5098769664764404
24.69831109046936,0.024266485961315414,21.672771453857422,-21.648504967896105,-0.03401956334710121,-2.5101120471954346
24.73158860206604,0.02109122694503837,21.712242126464844,-21.691150899519805,-0.03449758514761925,-2.5104875564575195
24.764943599700928,0.027403126306921228,21.744003295898438,-21.716600169591516,-0.034849006682634354,-2.510861873626709
24.798261165618896,0.03256275450640272,21.775888442993164,-21.74332568848676,-0.03520799055695534,-2.511296033859253
24.831604957580566,0.041074505255126355,21.807851791381836,-21.76677728612671,-0.03559163957834244,-2.5117533206939697
24.864933013916016,0.04640069932511346,21.847915649414062,-21.80151495008895,-0.03608731925487518,-2.5122463703155518
24.898256063461304,0.04757098838186096,21.871986389160156,-21.824415400778296,-0.03641859069466591,-2.5124614238739014
24.93161106109619,0.04944563377332421,21.904136657714844,-21.85469102394152,-0.0368788056075573,-2.5126564502716064
24.96498990058899,0.05600268145798247,21.944377899169922,-21.88837521771194,-0.03744598478078842,-2.5127782821655273
24.99826169013977,0.06305173515557602,21.97659683227539,-21.913545097119815,-0.03793293610215187,-2.512726068496704
25.031601190567017,0.0705760778126334,22.008821487426758,-21.938245409614126,-0.03848125413060188,-2.5126452445983887
25.06493306159973,0.07750615657213407,22.048980712890625,-21.97147455631849,-0.03920436277985573,-2.5125133991241455
25.098278522491455,0.07892114930743913,22.072996139526367,-21.994074990218927,-0.039668262004852295,-2.5123958587646484
25.131629705429077,0.08092005093667522,22.10494613647461,-22.024026085537933,-0.04031972959637642,-2.5122082233428955
25.164910554885864,0.08129428493903383,22.144800186157227,-22.063505901218193,-0.041140444576740265,-2.511965751647949
25.19832134246826,0.08129428493903383,22.176584243774414,-22.09528995883538,-0.041725967079401016,-2.51176118850708
25.23168706893921,0.08129428493903383,22.20037078857422,-22.119076503635185,-0.04209527745842934,-2.5116567611694336
25.265089750289917,0.08238284866787948,22.247848510742188,-22.165465662074308,-0.04261225461959839,-2.511495351791382
25.29825758934021,0.07905757605690061,22.27153968811035,-22.19248211205345,-0.04274316877126694,-2.511509656906128
25.3316752910614,0.07454901562709426,22.303037643432617,-22.228488627805522,-0.04280968755483627,-2.511566638946533
25.36489987373352,0.07470794858583481,22.342281341552734,-22.2675733929669,-0.042711179703474045,-2.5116801261901855
25.39827036857605,0.07667316891576516,22.37358283996582,-22.296909671050056,-0.04244431108236313,-2.5117976665496826
25.431678295135498,0.07484048595803776,22.40481185913086,-22.32997137317282,-0.04205818846821785,-2.5119404792785645
25.465075969696045,0.06552715177872892,22.43597984313965,-22.37045269136092,-0.04154878109693527,-2.5121161937713623
25.498242378234863,0.05710258925815029,22.46710205078125,-22.4099994615231,-0.04095699265599251,-2.5122947692871094
25.531664609909058,0.05410330976417509,22.49821662902832,-22.444113319264144,-0.04029155150055885,-2.5124762058258057
25.564981937408447,0.05312376896018356,22.52935791015625,-22.476234141196066,-0.03960844501852989,-2.5126562118530273
25.598240613937378,0.05045912897027358,22.568344116210938,-22.517884987240663,-0.0387258343398571,-2.5129334926605225
25.631810188293457,0.05045912897027358,22.599645614624023,-22.54918648565375,-0.038019951432943344,-2.5131771564483643
25.664960145950317,0.04949191567208555,22.623239517211914,-22.57374760153983,-0.03749664127826691,-2.51336932182312
25.69832968711853,0.04892735582827273,22.654834747314453,-22.60590739148618,-0.03679542988538742,-2.513606071472168
25.73167657852173,0.047159297453295,22.694517135620117,-22.647357838166823,-0.03592141345143318,-2.5138490200042725
25.765047311782837,0.050455082969602966,22.726369857788086,-22.675914774818484,-0.03520985692739487,-2.513979911804199
25.798325777053833,0.05428784404525915,22.758304595947266,-22.704016751902007,-0.03447060286998749,-2.5140411853790283
25.831673622131348,0.05560567072743642,22.798276901245117,-22.74267123051768,-0.03349432349205017,-2.5140891075134277
25.86514973640442,0.05848496762959077,22.82227897644043,-22.763794008810837,-0.03286939114332199,-2.5141634941101074
25.89845108985901,0.0640492102454626,22.854312896728516,-22.790263686483055,-0.03202487900853157,-2.514333724975586
25.931705713272095,0.07108152171588733,22.894393920898438,-22.82331239918255,-0.03095659799873829,-2.5145390033721924
25.96502137184143,0.07528221304674981,22.926359176635742,-22.85107696358899,-0.03011443093419075,-2.514636278152466
25.99839162826538,0.07948390710311068,22.95819854736328,-22.87871464026017,-0.029281843453645706,-2.5147006511688232
26.031869411468506,0.08288438972961992,22.989917755126953,-22.907033365397332,-0.028468554839491844,-2.5147221088409424
26.064995288848877,0.08288438972961992,23.021461486816406,-22.938577097086785,-0.027714138850569725,-2.5146515369415283
26.098408222198486,0.08789033546514949,23.052827835083008,-22.964937499617857,-0.027036605402827263,-2.5144424438476562
26.13168478012085,0.08643185903340572,23.091753005981445,-23.005321146948038,-0.02625218592584133,-2.513989210128784
26.16529393196106,0.08099552386685567,23.122716903686523,-23.041721379819666,-0.025684889405965805,-2.5135059356689453
26.19836735725403,0.07712527745207202,23.153596878051758,-23.076471600599685,-0.02516450732946396,-2.5129904747009277
26.2318754196167,0.07108790392622003,23.184432983398438,-23.113345079472218,-0.024720046669244766,-2.5124545097351074
26.265044450759888,0.06268819399828411,23.215290069580078,-23.152601875581794,-0.024367982521653175,-2.511857748031616
26.29879856109619,0.05704147211402803,23.246179580688477,-23.189138108574447,-0.024121519178152084,-2.511260986328125
26.331580638885498,0.05284480227337437,23.28481101989746,-23.231966217624088,-0.023915644735097885,-2.5105538368225098
26.364978313446045,0.04536660374566204,23.315746307373047,-23.270379703627384,-0.023766454309225082,-2.509995937347412
26.39859890937805,0.04270674733315,23.346708297729492,-23.304001550396343,-0.023604512214660645,-2.5094523429870605
26.432119846343994,0.0440020537763109,23.36996841430664,-23.32596636053033,-0.02344386838376522,-2.5090527534484863
26.4649338722229,0.044454566166451874,23.408843994140625,-23.364389427974174,-0.023172030225396156,-2.508405923843384
26.498351097106934,0.04169953801312409,23.440109252929688,-23.398409714916564,-0.02288714237511158,-2.5078864097595215
26.53188419342041,0.03874023250108847,23.47150993347168,-23.432769700970592,-0.022530246526002884,-2.50738787651062
26.565475463867188,0.036711390433994205,23.503082275390625,-23.466370884956632,-0.02209329977631569,-2.5069339275360107
26.598422527313232,0.036711390433994205,23.542770385742188,-23.506058995308194,-0.021408965811133385,-2.5064353942871094
26.631704330444336,0.0375048714198767,23.566722869873047,-23.52921799845317,-0.02091156505048275,-2.5061748027801514
26.66519570350647,0.04089076641189522,23.598783493041992,-23.557892726630097,-0.020141135901212692,-2.50589656829834
26.698453426361084,0.041699599547078116,23.639057159423828,-23.59735755987675,-0.019023247063159943,-2.5056333541870117
26.73163890838623,0.042506928946631245,23.671443939208984,-23.62893701026235,-0.018002016469836235,-2.5054614543914795
26.765236377716064,0.04089666084474621,23.69580078125,-23.654904120405252,-0.017139576375484467,-2.5053329467773438
26.798649072647095,0.03671717270753395,23.73649024963379,-23.699773076926256,-0.01567436009645462,-2.505204677581787
26.83169388771057,0.034543862163539725,23.77731704711914,-23.742773184955603,-0.014210181310772896,-2.5051915645599365
26.865036725997925,0.036723254645323354,23.801891326904297,-23.765168072258973,-0.013368886895477772,-2.505333423614502
26.898414373397827,0.040259213306536354,23.842931747436523,-23.802672534129986,-0.01204627100378275,-2.505626916885376
26.931857347488403,0.04170045748863483,23.87580680847168,-23.834106350983046,-0.011064223013818264,-2.5059449672698975
26.96511435508728,0.041701433945591705,23.90876579284668,-23.86706435890109,-0.010173952206969261,-2.5063116550445557
26.998376607894897,0.04509644447661058,23.9417724609375,-23.89667601646089,-0.009378315880894661,-2.5067861080169678
27.031923532485962,0.04970422368908927,23.974746704101562,-23.925042480412472,-0.00863290298730135,-2.5073068141937256
27.065288305282593,0.055643264427359396,24.007686614990234,-23.952043350562874,-0.00792026799172163,-2.5078442096710205
27.098609685897827,0.06183809438976587,24.04878807067871,-23.986949976288944,-0.0070573254488408566,-2.508537769317627
27.13166356086731,0.06604681571321204,24.08155059814453,-24.01550378243132,-0.006425558589398861,-2.5090694427490234
27.165171146392822,0.06538337670664125,24.106060028076172,-24.04067665136953,-0.006008118391036987,-2.50950288772583
27.198627948760986,0.06956582257825487,24.13864517211914,-24.069079349540885,-0.005520086735486984,-2.5100603103637695
27.231555461883545,0.07859956825638302,24.179182052612305,-24.10058248435592,-0.005010691005736589,-2.5107839107513428
27.264991521835327,0.08275590114926998,24.211410522460938,-24.128654621311668,-0.004689386114478111,-2.5113308429718018
27.298694849014282,0.08212414412232742,24.243526458740234,-24.161402314617906,-0.0044259256683290005,-2.511890172958374
27.331904411315918,0.08212414412232742,24.275466918945312,-24.193342774822984,-0.0042332848533988,-2.5123989582061768
27.365124940872192,0.0911762492947881,24.315139770507812,-24.223963521213026,-0.004086075816303492,-2.5129759311676025
27.398342847824097,0.09412456707854579,24.33878517150879,-24.244660604430244,-0.0040337396785616875,-2.5133213996887207
27.431838989257812,0.09469657005385164,24.370155334472656,-24.275458764418804,-0.003990573342889547,-2.5137574672698975
27.46619153022766,0.09412456707854579,24.40913200378418,-24.315007436705635,-0.003932035993784666,-2.5141892433166504
27.498385667800903,0.08994488964132745,24.440134048461914,-24.350189158820587,-0.003845538478344679,-2.5144755840301514
27.53168797492981,0.08494533264920358,24.463281631469727,-24.37833629882052,-0.003736790269613266,-2.514639139175415
27.565203189849854,0.07741000929897403,24.501758575439453,-24.42434856614048,-0.003590123262256384,-2.514889717102051
27.59860134124756,0.07323308022851498,24.532442092895508,-24.459209012666992,-0.003487211652100086,-2.515003204345703
27.63174080848694,0.07323232638919482,24.563079833984375,-24.48984750759518,-0.0034274619538336992,-2.515066146850586
27.6653151512146,0.07240025276750706,24.601335525512695,-24.528935272745187,-0.003377627581357956,-2.515134334564209
27.698673009872437,0.0702129874064374,24.631961822509766,-24.561748835103327,-0.0033436694648116827,-2.5151891708374023
27.731715440750122,0.06905783771285402,24.662586212158203,-24.59352837444535,-0.003314319299533963,-2.5152812004089355
27.76522135734558,0.0732330942459814,24.6932373046875,-24.620004210441518,-0.0032965107820928097,-2.5153658390045166
27.79855990409851,0.07323434975808998,24.723888397216797,-24.65065404745871,-0.0032238056883215904,-2.5153937339782715
27.831788063049316,0.06957944780637391,24.754425048828125,-24.684845601021753,-0.0031311013735830784,-2.515326738357544
27.864924669265747,0.069063952054262,24.792451858520508,-24.723387906466247,-0.002960966667160392,-2.5152170658111572
27.89851427078247,0.06980032368721344,24.822744369506836,-24.75294404581962,-0.0027878570836037397,-2.515160083770752
27.931960821151733,0.0697914078261741,24.85301971435547,-24.783228306529296,-0.002592125441879034,-2.515101432800293
27.965381145477295,0.06684329180380001,24.875743865966797,-24.808900574162998,-0.002413406502455473,-2.515035629272461
27.998262643814087,0.06217186763316408,24.913585662841797,-24.851413795208632,-0.002027783077210188,-2.5149033069610596
28.031884908676147,0.061789097296771636,24.94388198852539,-24.88209289122862,-0.0016434966819360852,-2.5148136615753174
28.0653235912323,0.058487880345612385,24.97426414489746,-24.915776264551848,-0.0011865734122693539,-2.514803409576416
28.098787784576416,0.05520365742568848,25.01242446899414,-24.95722081156845,-0.000519533408805728,-2.5148329734802246
28.131714820861816,0.05091925076608982,25.043067932128906,-24.992148681362817,8.449504821328446e-05,-2.5148303508758545
28.1651713848114,0.05091925076608982,25.073841094970703,-25.022921844204614,0.0007125625852495432,-2.514801502227783
28.19832444190979,0.04277409389288066,25.104753494262695,-25.061979400369815,0.0014023808762431145,-2.5146846771240234
28.231676816940308,0.04177705744855398,25.135828018188477,-25.094050960739924,0.0021076055709272623,-2.51446795463562
28.265033960342407,0.04177705742342599,25.167110443115234,-25.125333385691807,0.002778176683932543,-2.514137029647827
28.298633575439453,0.03986142348420891,25.190711975097656,-25.15085055161345,0.003221806837245822,-2.513878345489502
28.331825256347656,0.03641908666286042,25.230247497558594,-25.193828410895733,0.0038455412723124027,-2.5135467052459717
28.365225315093994,0.031101154895169698,25.2620849609375,-25.23098380604233,0.004188074730336666,-2.513303756713867
28.398569107055664,0.02804912671912466,25.29412078857422,-25.266071661855094,0.004360286984592676,-2.513075828552246
28.431858777999878,0.02804912671912466,25.33439064025879,-25.306341513539664,0.004329432733356953,-2.5127615928649902
28.465207815170288,0.027358124995918044,25.36687660217285,-25.339518477176934,0.004014892503619194,-2.5124785900115967
28.498422861099243,0.028093085315414785,25.399497985839844,-25.37140490052443,0.003505304455757141,-2.512251377105713
28.53166961669922,0.029684863318844092,25.432249069213867,-25.402564205895022,0.0028675950597971678,-2.5120608806610107
28.565150022506714,0.029684863318844092,25.465057373046875,-25.43537250972803,0.002094615250825882,-2.5119361877441406
28.598429679870605,0.029684863318844092,25.497922897338867,-25.468238034020022,0.0011491574114188552,-2.511823892593384
28.631741523742676,0.03986759992187385,25.53904151916504,-25.499173919243166,-0.0003654190222732723,-2.5117411613464355
28.665198802947998,0.044729301047042,25.571971893310547,-25.527242592263505,-0.0017888377187773585,-2.511690616607666
28.69861650466919,0.04821073593585141,25.59668731689453,-25.54847658095868,-0.003001697827130556,-2.511688709259033
28.73163414001465,0.04891021473676839,25.637897491455078,-25.58898727671831,-0.0052511002868413925,-2.5116090774536133
28.765066862106323,0.0523679592277541,25.67087745666504,-25.618509497437284,-0.007254661526530981,-2.5114903450012207
28.79870581626892,0.05103461354018538,25.70383071899414,-25.652796105453955,-0.00944028701633215,-2.5113468170166016
28.831603527069092,0.04736366739320216,25.74504280090332,-25.697679133510118,-0.012362614274024963,-2.5112054347991943
28.865047931671143,0.04626300917322019,25.777999877929688,-25.731736868756467,-0.014858626760542393,-2.5111911296844482
28.89874029159546,0.049004634786811926,25.802701950073242,-25.75369731528643,-0.016799965873360634,-2.5112016201019287
28.932445764541626,0.0482002840722214,25.84385108947754,-25.795650805405316,-0.020112136378884315,-2.51127028465271
28.965580463409424,0.04893460896656742,25.876747131347656,-25.827812522381087,-0.022883547469973564,-2.5113768577575684
28.998668909072876,0.05041665977681817,25.909639358520508,-25.85922269874369,-0.02569207176566124,-2.5115299224853516
29.031867265701294,0.05313566680852847,25.94252586364746,-25.88939019683893,-0.02857564203441143,-2.511775493621826
29.064928770065308,0.05510389817721594,25.983617782592773,-25.92851388441556,-0.03219444304704666,-2.512197971343994
29.0986111164093,0.05516423638022302,26.016510009765625,-25.961345773385403,-0.03503386303782463,-2.5125372409820557
29.131972551345825,0.0573489566002098,26.041194915771484,-25.983845959171276,-0.037124522030353546,-2.512786388397217
29.164947271347046,0.059324679466148375,26.082517623901367,-26.02319294443522,-0.04049646854400635,-2.513145923614502
29.198822498321533,0.0615498546634294,26.115644454956055,-26.054094600292625,-0.043091729283332825,-2.513390302658081
29.231736421585083,0.06349412279714962,26.148923873901367,-26.08542975110422,-0.04558529332280159,-2.5135788917541504
